{
	"textures": {
		"0": "animated_java:item/compressor/texture"
	},
	"display": {
		"head": {
			"rotation": [0, 180, 0]
		}
	},
	"elements": [
		{
			"from": [6.99, 5.475, 6.99],
			"to": [9.01, 8.505, 9.01],
			"rotation": {
				"angle": 0,
				"axis": "y",
				"origin": [3.96, -13.715, 8]
			},
			"faces": {
				"north": {
					"uv": [4.25, 7.75, 4.5, 8.125],
					"texture": "#0"
				},
				"east": {
					"uv": [4.625, 7.75, 4.875, 8.125],
					"texture": "#0"
				},
				"south": {
					"uv": [5, 7.75, 5.25, 8.125],
					"texture": "#0"
				},
				"west": {
					"uv": [6.875, 7.75, 7.125, 8.125],
					"texture": "#0"
				},
				"up": {
					"uv": [8.375, 4, 8.125, 3.75],
					"texture": "#0"
				},
				"down": {
					"uv": [8.375, 4.125, 8.125, 4.375],
					"texture": "#0"
				}
			}
		},
		{
			"from": [5.98, 8.505, 5.98],
			"to": [10.02, 9.515, 10.02],
			"rotation": {
				"angle": 0,
				"axis": "y",
				"origin": [3.96, -13.715, 8]
			},
			"faces": {
				"north": {
					"uv": [8.125, 4.5, 8.625, 4.625],
					"texture": "#0"
				},
				"east": {
					"uv": [8.125, 4.75, 8.625, 4.875],
					"texture": "#0"
				},
				"south": {
					"uv": [8.125, 5, 8.625, 5.125],
					"texture": "#0"
				},
				"west": {
					"uv": [8.125, 5.25, 8.625, 5.375],
					"texture": "#0"
				},
				"up": {
					"uv": [7.75, 0.5, 7.25, 0],
					"texture": "#0"
				},
				"down": {
					"uv": [7.75, 0.625, 7.25, 1.125],
					"texture": "#0"
				}
			}
		}
	]
}