{
	"textures": {
		"0": "animated_java:item/compressor/texture"
	},
	"display": {
		"head": {
			"rotation": [0, 180, 0]
		}
	},
	"elements": [
		{
			"from": [9.71429, 9.55342, 9.46324],
			"to": [13.14286, 12.12485, 12.89181],
			"rotation": {
				"angle": 45,
				"axis": "x",
				"origin": [11, 7.83913, 11.17752]
			},
			"faces": {
				"north": {
					"uv": [3.125, 7.25, 3.625, 7.625],
					"texture": "#0"
				},
				"east": {
					"uv": [3.75, 7.25, 4.25, 7.625],
					"texture": "#0"
				},
				"south": {
					"uv": [6.875, 7.25, 7.375, 7.625],
					"texture": "#0"
				},
				"west": {
					"uv": [7.5, 3.5, 8, 3.875],
					"texture": "#0"
				},
				"up": {
					"uv": [7.375, 4, 6.875, 3.5],
					"texture": "#0"
				},
				"down": {
					"uv": [7.375, 4.125, 6.875, 4.625],
					"texture": "#0"
				}
			}
		},
		{
			"from": [8.86571, 6.12485, 8.60609],
			"to": [13.99143, 9.55342, 13.74895],
			"rotation": {
				"angle": 45,
				"axis": "x",
				"origin": [11, 7.83913, 11.17752]
			},
			"faces": {
				"north": {
					"uv": [6, 4.5, 6.75, 5],
					"texture": "#0"
				},
				"east": {
					"uv": [6, 5.125, 6.75, 5.625],
					"texture": "#0"
				},
				"south": {
					"uv": [6, 5.75, 6.75, 6.25],
					"texture": "#0"
				},
				"west": {
					"uv": [0, 6.375, 0.75, 6.875],
					"texture": "#0"
				},
				"up": {
					"uv": [5.875, 2.875, 5.125, 2.125],
					"texture": "#0"
				},
				"down": {
					"uv": [5.875, 3, 5.125, 3.75],
					"texture": "#0"
				}
			}
		},
		{
			"from": [1.14286, -10.55898, 1.14286],
			"to": [14.85714, 3.1553, 14.85714],
			"rotation": {
				"angle": 0,
				"axis": "y",
				"origin": [8, -10.55898, 8]
			},
			"faces": {
				"north": {
					"uv": [0, 0, 2, 2],
					"texture": "#0"
				},
				"east": {
					"uv": [0, 2.125, 2, 4.125],
					"texture": "#0"
				},
				"south": {
					"uv": [2.125, 0, 4.125, 2],
					"texture": "#0"
				},
				"west": {
					"uv": [2.125, 2.125, 4.125, 4.125],
					"texture": "#0"
				},
				"up": {
					"uv": [2, 6.25, 0, 4.25],
					"texture": "#0"
				},
				"down": {
					"uv": [6.25, 0, 4.25, 2],
					"texture": "#0"
				}
			}
		},
		{
			"from": [8.85714, 3.1553, 1.14286],
			"to": [14, 7.44102, 14.85714],
			"rotation": {
				"angle": 0,
				"axis": "y",
				"origin": [8, -10.55898, 8]
			},
			"faces": {
				"north": {
					"uv": [6, 3, 6.75, 3.625],
					"texture": "#0"
				},
				"east": {
					"uv": [3, 4.25, 5, 4.875],
					"texture": "#0"
				},
				"south": {
					"uv": [6, 3.75, 6.75, 4.375],
					"texture": "#0"
				},
				"west": {
					"uv": [3, 5, 5, 5.625],
					"texture": "#0"
				},
				"up": {
					"uv": [2.875, 6.25, 2.125, 4.25],
					"texture": "#0"
				},
				"down": {
					"uv": [5, 2.125, 4.25, 4.125],
					"texture": "#0"
				}
			}
		},
		{
			"from": [3.71429, 3.1553, 11.42857],
			"to": [8.85714, 5.72673, 14.85714],
			"rotation": {
				"angle": 0,
				"axis": "y",
				"origin": [2.85714, -11.41613, 8]
			},
			"faces": {
				"north": {
					"uv": [6.875, 2.5, 7.625, 2.875],
					"texture": "#0"
				},
				"east": {
					"uv": [7.5, 4, 8, 4.375],
					"texture": "#0"
				},
				"south": {
					"uv": [6.875, 3, 7.625, 3.375],
					"texture": "#0"
				},
				"west": {
					"uv": [7.5, 4.5, 8, 4.875],
					"texture": "#0"
				},
				"up": {
					"uv": [7.125, 0.5, 6.375, 0],
					"texture": "#0"
				},
				"down": {
					"uv": [7.125, 0.625, 6.375, 1.125],
					"texture": "#0"
				}
			}
		},
		{
			"from": [2.03677, 0.98199, 11.43714],
			"to": [5.67962, 4.41056, 14.84857],
			"rotation": {
				"angle": 45,
				"axis": "z",
				"origin": [3.10819, 2.69627, 13.14286]
			},
			"faces": {
				"north": {
					"uv": [6.875, 4.75, 7.375, 5.25],
					"texture": "#0"
				},
				"east": {
					"uv": [6.875, 5.375, 7.375, 5.875],
					"texture": "#0"
				},
				"south": {
					"uv": [6.875, 6, 7.375, 6.5],
					"texture": "#0"
				},
				"west": {
					"uv": [6.875, 6.625, 7.375, 7.125],
					"texture": "#0"
				},
				"up": {
					"uv": [0.5, 7.5, 0, 7],
					"texture": "#0"
				},
				"down": {
					"uv": [1.125, 7, 0.625, 7.5],
					"texture": "#0"
				}
			}
		},
		{
			"from": [14, 3.1553, 5.42857],
			"to": [14.85714, 8.29816, 10.57143],
			"rotation": {
				"angle": 0,
				"axis": "y",
				"origin": [8, -10.55898, 8]
			},
			"faces": {
				"north": {
					"uv": [7.75, 2.375, 7.875, 3.125],
					"texture": "#0"
				},
				"east": {
					"uv": [5.125, 3.875, 5.875, 4.625],
					"texture": "#0"
				},
				"south": {
					"uv": [3.125, 7.75, 3.25, 8.5],
					"texture": "#0"
				},
				"west": {
					"uv": [5.125, 4.75, 5.875, 5.5],
					"texture": "#0"
				},
				"up": {
					"uv": [3.5, 8.5, 3.375, 7.75],
					"texture": "#0"
				},
				"down": {
					"uv": [3.75, 7.75, 3.625, 8.5],
					"texture": "#0"
				}
			}
		},
		{
			"from": [8.85714, 7.44102, 5.42857],
			"to": [14, 10.86959, 10.57143],
			"rotation": {
				"angle": 0,
				"axis": "y",
				"origin": [8, -6.27327, 8]
			},
			"faces": {
				"north": {
					"uv": [0.875, 6.375, 1.625, 6.875],
					"texture": "#0"
				},
				"east": {
					"uv": [6.375, 1.25, 7.125, 1.75],
					"texture": "#0"
				},
				"south": {
					"uv": [1.75, 6.375, 2.5, 6.875],
					"texture": "#0"
				},
				"west": {
					"uv": [6, 6.375, 6.75, 6.875],
					"texture": "#0"
				},
				"up": {
					"uv": [5.875, 6.375, 5.125, 5.625],
					"texture": "#0"
				},
				"down": {
					"uv": [3.75, 5.75, 3, 6.5],
					"texture": "#0"
				}
			}
		},
		{
			"from": [9.71429, 10.86959, 6.28571],
			"to": [13.14286, 13.44102, 9.71429],
			"rotation": {
				"angle": 0,
				"axis": "y",
				"origin": [8, -2.8447, 8]
			},
			"faces": {
				"north": {
					"uv": [7.5, 5, 8, 5.375],
					"texture": "#0"
				},
				"east": {
					"uv": [7.5, 5.5, 8, 5.875],
					"texture": "#0"
				},
				"south": {
					"uv": [7.5, 6, 8, 6.375],
					"texture": "#0"
				},
				"west": {
					"uv": [7.5, 6.5, 8, 6.875],
					"texture": "#0"
				},
				"up": {
					"uv": [1.75, 7.5, 1.25, 7],
					"texture": "#0"
				},
				"down": {
					"uv": [2.375, 7, 1.875, 7.5],
					"texture": "#0"
				}
			}
		},
		{
			"from": [8, 11.72673, 8],
			"to": [9.71429, 12.58387, 8.85714],
			"rotation": {
				"angle": 0,
				"axis": "y",
				"origin": [8, -2.8447, 8]
			},
			"faces": {
				"north": {
					"uv": [4.75, 6.25, 5, 6.375],
					"texture": "#0"
				},
				"east": {
					"uv": [7.75, 3.25, 7.875, 3.375],
					"texture": "#0"
				},
				"south": {
					"uv": [6.375, 1.875, 6.625, 2],
					"texture": "#0"
				},
				"west": {
					"uv": [7.25, 7.75, 7.375, 7.875],
					"texture": "#0"
				},
				"up": {
					"uv": [2.875, 6.5, 2.625, 6.375],
					"texture": "#0"
				},
				"down": {
					"uv": [8.375, 7.25, 8.125, 7.375],
					"texture": "#0"
				}
			}
		},
		{
			"from": [8, 10.01244, 13.14286],
			"to": [9.71429, 10.86959, 14],
			"rotation": {
				"angle": 0,
				"axis": "y",
				"origin": [8, -2.8447, 8]
			},
			"faces": {
				"north": {
					"uv": [8.125, 7.5, 8.375, 7.625],
					"texture": "#0"
				},
				"east": {
					"uv": [4.625, 8.25, 4.75, 8.375],
					"texture": "#0"
				},
				"south": {
					"uv": [8.125, 7.75, 8.375, 7.875],
					"texture": "#0"
				},
				"west": {
					"uv": [4.875, 8.25, 5, 8.375],
					"texture": "#0"
				},
				"up": {
					"uv": [8.5, 0.125, 8.25, 0],
					"texture": "#0"
				},
				"down": {
					"uv": [8.5, 0.25, 8.25, 0.375],
					"texture": "#0"
				}
			}
		},
		{
			"from": [8, 9.1553, 2],
			"to": [9.71429, 10.01244, 2.85714],
			"rotation": {
				"angle": 0,
				"axis": "y",
				"origin": [8, -2.8447, 8]
			},
			"faces": {
				"north": {
					"uv": [8.25, 0.5, 8.5, 0.625],
					"texture": "#0"
				},
				"east": {
					"uv": [5.125, 8.25, 5.25, 8.375],
					"texture": "#0"
				},
				"south": {
					"uv": [8.25, 0.75, 8.5, 0.875],
					"texture": "#0"
				},
				"west": {
					"uv": [6.875, 8.25, 7, 8.375],
					"texture": "#0"
				},
				"up": {
					"uv": [8.5, 1.125, 8.25, 1],
					"texture": "#0"
				},
				"down": {
					"uv": [8.5, 1.25, 8.25, 1.375],
					"texture": "#0"
				}
			}
		},
		{
			"from": [7.14286, 11.72673, 8],
			"to": [8, 12.58387, 14],
			"rotation": {
				"angle": 0,
				"axis": "y",
				"origin": [8, -2.8447, 8]
			},
			"faces": {
				"north": {
					"uv": [8, 8.25, 8.125, 8.375],
					"texture": "#0"
				},
				"east": {
					"uv": [7.75, 1.875, 8.625, 2],
					"texture": "#0"
				},
				"south": {
					"uv": [8.25, 8.25, 8.375, 8.375],
					"texture": "#0"
				},
				"west": {
					"uv": [7.75, 2.125, 8.625, 2.25],
					"texture": "#0"
				},
				"up": {
					"uv": [6.5, 8.5, 6.375, 7.625],
					"texture": "#0"
				},
				"down": {
					"uv": [6.75, 7.625, 6.625, 8.5],
					"texture": "#0"
				}
			}
		},
		{
			"from": [7.14286, 3.1553, 13.14286],
			"to": [8, 11.72673, 14],
			"rotation": {
				"angle": 0,
				"axis": "y",
				"origin": [8, -2.8447, 8]
			},
			"faces": {
				"north": {
					"uv": [1.25, 7.625, 1.375, 8.875],
					"texture": "#0"
				},
				"east": {
					"uv": [1.5, 7.625, 1.625, 8.875],
					"texture": "#0"
				},
				"south": {
					"uv": [1.75, 7.625, 1.875, 8.875],
					"texture": "#0"
				},
				"west": {
					"uv": [2, 7.625, 2.125, 8.875],
					"texture": "#0"
				},
				"up": {
					"uv": [0.125, 8.5, 0, 8.375],
					"texture": "#0"
				},
				"down": {
					"uv": [0.375, 8.375, 0.25, 8.5],
					"texture": "#0"
				}
			}
		},
		{
			"from": [6.28571, 11.29816, 12.71429],
			"to": [7.14286, 13.01244, 14.42857],
			"rotation": {
				"angle": 0,
				"axis": "y",
				"origin": [7.14286, -1.55898, 7.57143]
			},
			"faces": {
				"north": {
					"uv": [5.375, 7.75, 5.5, 8],
					"texture": "#0"
				},
				"east": {
					"uv": [7.875, 1.5, 8.125, 1.75],
					"texture": "#0"
				},
				"south": {
					"uv": [2.875, 7.875, 3, 8.125],
					"texture": "#0"
				},
				"west": {
					"uv": [8, 2.375, 8.25, 2.625],
					"texture": "#0"
				},
				"up": {
					"uv": [5.5, 8.375, 5.375, 8.125],
					"texture": "#0"
				},
				"down": {
					"uv": [8.375, 1.5, 8.25, 1.75],
					"texture": "#0"
				}
			}
		},
		{
			"from": [6.28571, 8.72673, 1.57143],
			"to": [7.14286, 10.44102, 3.28571],
			"rotation": {
				"angle": 0,
				"axis": "y",
				"origin": [7.14286, -4.13041, -3.57143]
			},
			"faces": {
				"north": {
					"uv": [2.875, 8.25, 3, 8.5],
					"texture": "#0"
				},
				"east": {
					"uv": [8, 2.75, 8.25, 3],
					"texture": "#0"
				},
				"south": {
					"uv": [3.875, 8.25, 4, 8.5],
					"texture": "#0"
				},
				"west": {
					"uv": [8, 3.125, 8.25, 3.375],
					"texture": "#0"
				},
				"up": {
					"uv": [4.25, 8.5, 4.125, 8.25],
					"texture": "#0"
				},
				"down": {
					"uv": [4.5, 8.25, 4.375, 8.5],
					"texture": "#0"
				}
			}
		},
		{
			"from": [7.14286, 3.1553, 2],
			"to": [8, 10.01244, 2.85714],
			"rotation": {
				"angle": 0,
				"axis": "y",
				"origin": [8, -2.8447, 8]
			},
			"faces": {
				"north": {
					"uv": [2.25, 7.625, 2.375, 8.625],
					"texture": "#0"
				},
				"east": {
					"uv": [5.625, 7.625, 5.75, 8.625],
					"texture": "#0"
				},
				"south": {
					"uv": [5.875, 7.625, 6, 8.625],
					"texture": "#0"
				},
				"west": {
					"uv": [6.125, 7.625, 6.25, 8.625],
					"texture": "#0"
				},
				"up": {
					"uv": [0.625, 8.5, 0.5, 8.375],
					"texture": "#0"
				},
				"down": {
					"uv": [0.875, 8.375, 0.75, 8.5],
					"texture": "#0"
				}
			}
		},
		{
			"from": [8.86571, 6.12485, 2.25105],
			"to": [13.99143, 9.55342, 7.39391],
			"rotation": {
				"angle": -45,
				"axis": "x",
				"origin": [11, 7.83913, 4.82248]
			},
			"faces": {
				"north": {
					"uv": [4.75, 6.5, 5.5, 7],
					"texture": "#0"
				},
				"east": {
					"uv": [2.625, 6.625, 3.375, 7.125],
					"texture": "#0"
				},
				"south": {
					"uv": [3.5, 6.625, 4.25, 7.125],
					"texture": "#0"
				},
				"west": {
					"uv": [6.875, 1.875, 7.625, 2.375],
					"texture": "#0"
				},
				"up": {
					"uv": [4.625, 6.5, 3.875, 5.75],
					"texture": "#0"
				},
				"down": {
					"uv": [6.75, 2.125, 6, 2.875],
					"texture": "#0"
				}
			}
		},
		{
			"from": [9.71429, 9.55342, 3.10819],
			"to": [13.14286, 12.12485, 6.53676],
			"rotation": {
				"angle": -45,
				"axis": "x",
				"origin": [11, 7.83913, 4.82248]
			},
			"faces": {
				"north": {
					"uv": [7.5, 7, 8, 7.375],
					"texture": "#0"
				},
				"east": {
					"uv": [7.5, 7.5, 8, 7.875],
					"texture": "#0"
				},
				"south": {
					"uv": [0, 7.625, 0.5, 8],
					"texture": "#0"
				},
				"west": {
					"uv": [0.625, 7.625, 1.125, 8],
					"texture": "#0"
				},
				"up": {
					"uv": [6.125, 7.5, 5.625, 7],
					"texture": "#0"
				},
				"down": {
					"uv": [6.75, 7, 6.25, 7.5],
					"texture": "#0"
				}
			}
		}
	]
}