{
	"textures": {
		"0": "animated_java:item/fabricator/fabricator"
	},
	"display": {
		"head": {
			"rotation": [0, 180, 0]
		}
	},
	"elements": [
		{
			"from": [4, 17, 4],
			"to": [12, 24.5, 12],
			"rotation": {
				"angle": 0,
				"axis": "y",
				"origin": [8, 8, 8]
			},
			"faces": {
				"north": {
					"uv": [2, 5.75, 3, 6.75],
					"texture": "#0"
				},
				"east": {
					"uv": [5.75, 2, 6.75, 3],
					"texture": "#0"
				},
				"south": {
					"uv": [5.75, 3, 6.75, 4],
					"texture": "#0"
				},
				"west": {
					"uv": [5.75, 4, 6.75, 5],
					"texture": "#0"
				},
				"up": {
					"uv": [6.75, 6, 5.75, 5],
					"texture": "#0"
				},
				"down": {
					"uv": [1, 6, 0, 7],
					"texture": "#0"
				}
			}
		}
	]
}