{
	"textures": {
		"1": "animated_java:blueprint/enhancer/texture",
		"particle": "minecraft:item/pufferfish"
	},
	"display": {
		"head": {
			"rotation": [0, 180, 0]
		}
	},
	"elements": [
		{
			"from": [7.99, -8.01, 7.99],
			"to": [24.01, 8.01, 24.01],
			"rotation": {
				"angle": 0,
				"axis": "y",
				"origin": [8, -8, 8]
			},
			"faces": {
				"north": {
					"uv": [0, 0, 2, 2],
					"texture": "#1"
				},
				"east": {
					"uv": [0, 2.125, 2, 4.125],
					"texture": "#1"
				},
				"south": {
					"uv": [2.125, 0, 4.125, 2],
					"texture": "#1"
				},
				"west": {
					"uv": [2.125, 2.125, 4.125, 4.125],
					"texture": "#1"
				},
				"up": {
					"uv": [2, 6.25, 0, 4.25],
					"texture": "#1"
				},
				"down": {
					"uv": [6.25, 0, 4.25, 2],
					"texture": "#1"
				}
			}
		},
		{
			"from": [12.68629, 8, 8],
			"to": [19.31371, 10, 9],
			"rotation": {
				"angle": 45,
				"axis": "y",
				"origin": [16, 8.5, 16]
			},
			"faces": {
				"north": {
					"uv": [4.625, 3.375, 5.5, 3.625],
					"texture": "#1"
				},
				"east": {
					"uv": [3.25, 7.125, 3.375, 7.375],
					"texture": "#1"
				},
				"south": {
					"uv": [4.625, 3.75, 5.5, 4],
					"texture": "#1"
				},
				"west": {
					"uv": [7.125, 3.875, 7.25, 4.125],
					"texture": "#1"
				},
				"up": {
					"uv": [6.875, 2.625, 6, 2.5],
					"texture": "#1"
				},
				"down": {
					"uv": [7, 2.125, 6.125, 2.25],
					"texture": "#1"
				}
			}
		},
		{
			"from": [15.18629, 8, 7.5],
			"to": [16.81371, 10, 8],
			"rotation": {
				"angle": -45,
				"axis": "y",
				"origin": [16, 8.5, 16]
			},
			"faces": {
				"north": {
					"uv": [6.625, 0.875, 6.875, 1.125],
					"texture": "#1"
				},
				"east": {
					"uv": [7.125, 4.25, 7.25, 4.5],
					"texture": "#1"
				},
				"south": {
					"uv": [6.625, 3.25, 6.875, 3.5],
					"texture": "#1"
				},
				"west": {
					"uv": [7.125, 4.625, 7.25, 4.875],
					"texture": "#1"
				},
				"up": {
					"uv": [7.375, 2.25, 7.125, 2.125],
					"texture": "#1"
				},
				"down": {
					"uv": [7.375, 5, 7.125, 5.125],
					"texture": "#1"
				}
			}
		},
		{
			"from": [15.18629, 10, 7.5],
			"to": [16.81371, 10.5, 9.5],
			"rotation": {
				"angle": -45,
				"axis": "y",
				"origin": [16, 8.5, 16]
			},
			"faces": {
				"north": {
					"uv": [7.125, 5.25, 7.375, 5.375],
					"texture": "#1"
				},
				"east": {
					"uv": [6.625, 7.125, 6.875, 7.25],
					"texture": "#1"
				},
				"south": {
					"uv": [7, 7.125, 7.25, 7.25],
					"texture": "#1"
				},
				"west": {
					"uv": [2, 7.25, 2.25, 7.375],
					"texture": "#1"
				},
				"up": {
					"uv": [3.75, 6.875, 3.5, 6.625],
					"texture": "#1"
				},
				"down": {
					"uv": [6.875, 3.625, 6.625, 3.875],
					"texture": "#1"
				}
			}
		},
		{
			"from": [15.18629, 8, 9],
			"to": [16.81371, 10, 9.5],
			"rotation": {
				"angle": -45,
				"axis": "y",
				"origin": [16, 8.5, 16]
			},
			"faces": {
				"north": {
					"uv": [6.625, 6.375, 6.875, 6.625],
					"texture": "#1"
				},
				"east": {
					"uv": [6, 7.125, 6.125, 7.375],
					"texture": "#1"
				},
				"south": {
					"uv": [6.75, 1.25, 7, 1.5],
					"texture": "#1"
				},
				"west": {
					"uv": [7.25, 2.75, 7.375, 3],
					"texture": "#1"
				},
				"up": {
					"uv": [7.5, 5.625, 7.25, 5.5],
					"texture": "#1"
				},
				"down": {
					"uv": [5.875, 7.25, 5.625, 7.375],
					"texture": "#1"
				}
			}
		},
		{
			"from": [15.18629, 8, 7.5],
			"to": [16.81371, 10, 8],
			"rotation": {
				"angle": 45,
				"axis": "y",
				"origin": [16, 8.5, 16]
			},
			"faces": {
				"north": {
					"uv": [6.75, 1.625, 7, 1.875],
					"texture": "#1"
				},
				"east": {
					"uv": [7.25, 5.75, 7.375, 6],
					"texture": "#1"
				},
				"south": {
					"uv": [6.75, 4, 7, 4.25],
					"texture": "#1"
				},
				"west": {
					"uv": [6.25, 7.25, 6.375, 7.5],
					"texture": "#1"
				},
				"up": {
					"uv": [7.5, 6.25, 7.25, 6.125],
					"texture": "#1"
				},
				"down": {
					"uv": [7.625, 0, 7.375, 0.125],
					"texture": "#1"
				}
			}
		},
		{
			"from": [15.18629, 8, 9],
			"to": [16.81371, 10, 9.5],
			"rotation": {
				"angle": 45,
				"axis": "y",
				"origin": [16, 8.5, 16]
			},
			"faces": {
				"north": {
					"uv": [6.75, 4.375, 7, 4.625],
					"texture": "#1"
				},
				"east": {
					"uv": [7.375, 0.25, 7.5, 0.5],
					"texture": "#1"
				},
				"south": {
					"uv": [6.75, 4.75, 7, 5],
					"texture": "#1"
				},
				"west": {
					"uv": [0.375, 7.375, 0.5, 7.625],
					"texture": "#1"
				},
				"up": {
					"uv": [0.875, 7.5, 0.625, 7.375],
					"texture": "#1"
				},
				"down": {
					"uv": [7.625, 0.625, 7.375, 0.75],
					"texture": "#1"
				}
			}
		},
		{
			"from": [15.18629, 10, 7.5],
			"to": [16.81371, 10.5, 9.5],
			"rotation": {
				"angle": 45,
				"axis": "y",
				"origin": [16, 8.5, 16]
			},
			"faces": {
				"north": {
					"uv": [7.375, 0.875, 7.625, 1],
					"texture": "#1"
				},
				"east": {
					"uv": [1, 7.375, 1.25, 7.5],
					"texture": "#1"
				},
				"south": {
					"uv": [1.375, 7.375, 1.625, 7.5],
					"texture": "#1"
				},
				"west": {
					"uv": [7.375, 1.75, 7.625, 1.875],
					"texture": "#1"
				},
				"up": {
					"uv": [7, 5.375, 6.75, 5.125],
					"texture": "#1"
				},
				"down": {
					"uv": [6.875, 6.75, 6.625, 7],
					"texture": "#1"
				}
			}
		},
		{
			"from": [15.18629, 8, 24],
			"to": [16.81371, 10, 24.5],
			"rotation": {
				"angle": -45,
				"axis": "y",
				"origin": [16, 8.5, 16]
			},
			"faces": {
				"north": {
					"uv": [6.875, 2.75, 7.125, 3],
					"texture": "#1"
				},
				"east": {
					"uv": [1.75, 7.375, 1.875, 7.625],
					"texture": "#1"
				},
				"south": {
					"uv": [6.25, 6.875, 6.5, 7.125],
					"texture": "#1"
				},
				"west": {
					"uv": [7.375, 2.375, 7.5, 2.625],
					"texture": "#1"
				},
				"up": {
					"uv": [7.625, 3.25, 7.375, 3.125],
					"texture": "#1"
				},
				"down": {
					"uv": [7.625, 3.375, 7.375, 3.5],
					"texture": "#1"
				}
			}
		},
		{
			"from": [15.18629, 8, 22.5],
			"to": [16.81371, 10, 23],
			"rotation": {
				"angle": -45,
				"axis": "y",
				"origin": [16, 8.5, 16]
			},
			"faces": {
				"north": {
					"uv": [0.375, 7, 0.625, 7.25],
					"texture": "#1"
				},
				"east": {
					"uv": [3.5, 7.375, 3.625, 7.625],
					"texture": "#1"
				},
				"south": {
					"uv": [7, 0.5, 7.25, 0.75],
					"texture": "#1"
				},
				"west": {
					"uv": [7.375, 3.625, 7.5, 3.875],
					"texture": "#1"
				},
				"up": {
					"uv": [4, 7.5, 3.75, 7.375],
					"texture": "#1"
				},
				"down": {
					"uv": [7.625, 4, 7.375, 4.125],
					"texture": "#1"
				}
			}
		},
		{
			"from": [15.18629, 10, 22.5],
			"to": [16.81371, 10.5, 24.5],
			"rotation": {
				"angle": -45,
				"axis": "y",
				"origin": [16, 8.5, 16]
			},
			"faces": {
				"north": {
					"uv": [4.125, 7.375, 4.375, 7.5],
					"texture": "#1"
				},
				"east": {
					"uv": [7.375, 4.25, 7.625, 4.375],
					"texture": "#1"
				},
				"south": {
					"uv": [7.375, 4.5, 7.625, 4.625],
					"texture": "#1"
				},
				"west": {
					"uv": [7.375, 4.75, 7.625, 4.875],
					"texture": "#1"
				},
				"up": {
					"uv": [7.25, 1.125, 7, 0.875],
					"texture": "#1"
				},
				"down": {
					"uv": [7.25, 2.375, 7, 2.625],
					"texture": "#1"
				}
			}
		},
		{
			"from": [15.18629, 8, 24],
			"to": [16.81371, 10, 24.5],
			"rotation": {
				"angle": 45,
				"axis": "y",
				"origin": [16, 8.5, 16]
			},
			"faces": {
				"north": {
					"uv": [7, 3.125, 7.25, 3.375],
					"texture": "#1"
				},
				"east": {
					"uv": [7.375, 6.375, 7.5, 6.625],
					"texture": "#1"
				},
				"south": {
					"uv": [3.5, 7, 3.75, 7.25],
					"texture": "#1"
				},
				"west": {
					"uv": [6.5, 7.375, 6.625, 7.625],
					"texture": "#1"
				},
				"up": {
					"uv": [7, 7.5, 6.75, 7.375],
					"texture": "#1"
				},
				"down": {
					"uv": [7.625, 6.75, 7.375, 6.875],
					"texture": "#1"
				}
			}
		},
		{
			"from": [15.18629, 8, 22.5],
			"to": [16.81371, 10, 23],
			"rotation": {
				"angle": 45,
				"axis": "y",
				"origin": [16, 8.5, 16]
			},
			"faces": {
				"north": {
					"uv": [7, 3.5, 7.25, 3.75],
					"texture": "#1"
				},
				"east": {
					"uv": [7.375, 7, 7.5, 7.25],
					"texture": "#1"
				},
				"south": {
					"uv": [7, 6.375, 7.25, 6.625],
					"texture": "#1"
				},
				"west": {
					"uv": [7.125, 7.375, 7.25, 7.625],
					"texture": "#1"
				},
				"up": {
					"uv": [7.625, 7.5, 7.375, 7.375],
					"texture": "#1"
				},
				"down": {
					"uv": [0.25, 7.5, 0, 7.625],
					"texture": "#1"
				}
			}
		},
		{
			"from": [15.18629, 10, 22.5],
			"to": [16.81371, 10.5, 24.5],
			"rotation": {
				"angle": 45,
				"axis": "y",
				"origin": [16, 8.5, 16]
			},
			"faces": {
				"north": {
					"uv": [7.5, 1.125, 7.75, 1.25],
					"texture": "#1"
				},
				"east": {
					"uv": [7.5, 1.375, 7.75, 1.5],
					"texture": "#1"
				},
				"south": {
					"uv": [2, 7.5, 2.25, 7.625],
					"texture": "#1"
				},
				"west": {
					"uv": [7.5, 2, 7.75, 2.125],
					"texture": "#1"
				},
				"up": {
					"uv": [7.25, 7, 7, 6.75],
					"texture": "#1"
				},
				"down": {
					"uv": [0.25, 7.125, 0, 7.375],
					"texture": "#1"
				}
			}
		},
		{
			"from": [12.68629, 8, 8],
			"to": [19.31371, 10, 9],
			"rotation": {
				"angle": 0,
				"axis": "y",
				"origin": [16, 8.5, 16]
			},
			"faces": {
				"north": {
					"uv": [4.75, 4.125, 5.625, 4.375],
					"texture": "#1"
				},
				"east": {
					"uv": [7.5, 2.75, 7.625, 3],
					"texture": "#1"
				},
				"south": {
					"uv": [4.75, 4.5, 5.625, 4.75],
					"texture": "#1"
				},
				"west": {
					"uv": [3, 7.5, 3.125, 7.75],
					"texture": "#1"
				},
				"up": {
					"uv": [7.125, 5.75, 6.25, 5.625],
					"texture": "#1"
				},
				"down": {
					"uv": [7.125, 5.875, 6.25, 6],
					"texture": "#1"
				}
			}
		},
		{
			"from": [12.68629, 8, 23],
			"to": [19.31371, 10, 24],
			"rotation": {
				"angle": 45,
				"axis": "y",
				"origin": [16, 8.5, 16]
			},
			"faces": {
				"north": {
					"uv": [4.75, 4.875, 5.625, 5.125],
					"texture": "#1"
				},
				"east": {
					"uv": [3.25, 7.5, 3.375, 7.75],
					"texture": "#1"
				},
				"south": {
					"uv": [2.5, 5, 3.375, 5.25],
					"texture": "#1"
				},
				"west": {
					"uv": [4.5, 7.5, 4.625, 7.75],
					"texture": "#1"
				},
				"up": {
					"uv": [7.125, 6.25, 6.25, 6.125],
					"texture": "#1"
				},
				"down": {
					"uv": [0.875, 6.375, 0, 6.5],
					"texture": "#1"
				}
			}
		},
		{
			"from": [12.68629, 8, 23],
			"to": [19.31371, 10, 24],
			"rotation": {
				"angle": 0,
				"axis": "y",
				"origin": [16, 8.5, 16]
			},
			"faces": {
				"north": {
					"uv": [4.75, 5.25, 5.625, 5.5],
					"texture": "#1"
				},
				"east": {
					"uv": [4.75, 7.5, 4.875, 7.75],
					"texture": "#1"
				},
				"south": {
					"uv": [2.5, 5.375, 3.375, 5.625],
					"texture": "#1"
				},
				"west": {
					"uv": [5, 7.5, 5.125, 7.75],
					"texture": "#1"
				},
				"up": {
					"uv": [7.25, 0.125, 6.375, 0],
					"texture": "#1"
				},
				"down": {
					"uv": [7.25, 0.25, 6.375, 0.375],
					"texture": "#1"
				}
			}
		},
		{
			"from": [8, 8, 12.68629],
			"to": [9, 10, 19.31371],
			"rotation": {
				"angle": 45,
				"axis": "y",
				"origin": [16, 8.5, 16]
			},
			"faces": {
				"north": {
					"uv": [7.5, 5, 7.625, 5.25],
					"texture": "#1"
				},
				"east": {
					"uv": [5.625, 3.375, 6.5, 3.625],
					"texture": "#1"
				},
				"south": {
					"uv": [5.25, 7.5, 5.375, 7.75],
					"texture": "#1"
				},
				"west": {
					"uv": [5.625, 3.75, 6.5, 4],
					"texture": "#1"
				},
				"up": {
					"uv": [3.125, 7, 3, 6.125],
					"texture": "#1"
				},
				"down": {
					"uv": [3.375, 6.125, 3.25, 7],
					"texture": "#1"
				}
			}
		},
		{
			"from": [8, 8, 12.68629],
			"to": [9, 10, 19.31371],
			"rotation": {
				"angle": 0,
				"axis": "y",
				"origin": [16, 8.5, 16]
			},
			"faces": {
				"north": {
					"uv": [5.5, 7.5, 5.625, 7.75],
					"texture": "#1"
				},
				"east": {
					"uv": [4.75, 5.625, 5.625, 5.875],
					"texture": "#1"
				},
				"south": {
					"uv": [5.75, 7.5, 5.875, 7.75],
					"texture": "#1"
				},
				"west": {
					"uv": [2.5, 5.75, 3.375, 6],
					"texture": "#1"
				},
				"up": {
					"uv": [2.25, 7.125, 2.125, 6.25],
					"texture": "#1"
				},
				"down": {
					"uv": [6.5, 0.5, 6.375, 1.375],
					"texture": "#1"
				}
			}
		},
		{
			"from": [23, 8, 12.68629],
			"to": [24, 10, 19.31371],
			"rotation": {
				"angle": 45,
				"axis": "y",
				"origin": [16, 8.5, 16]
			},
			"faces": {
				"north": {
					"uv": [7.5, 5.75, 7.625, 6],
					"texture": "#1"
				},
				"east": {
					"uv": [5.75, 4.125, 6.625, 4.375],
					"texture": "#1"
				},
				"south": {
					"uv": [6, 7.5, 6.125, 7.75],
					"texture": "#1"
				},
				"west": {
					"uv": [5.75, 4.5, 6.625, 4.75],
					"texture": "#1"
				},
				"up": {
					"uv": [1.125, 7.25, 1, 6.375],
					"texture": "#1"
				},
				"down": {
					"uv": [1.375, 6.375, 1.25, 7.25],
					"texture": "#1"
				}
			}
		},
		{
			"from": [23, 8, 12.68629],
			"to": [24, 10, 19.31371],
			"rotation": {
				"angle": 0,
				"axis": "y",
				"origin": [16, 8.5, 16]
			},
			"faces": {
				"north": {
					"uv": [7.625, 0.25, 7.75, 0.5],
					"texture": "#1"
				},
				"east": {
					"uv": [5.75, 4.875, 6.625, 5.125],
					"texture": "#1"
				},
				"south": {
					"uv": [0.625, 7.625, 0.75, 7.875],
					"texture": "#1"
				},
				"west": {
					"uv": [5.75, 5.25, 6.625, 5.5],
					"texture": "#1"
				},
				"up": {
					"uv": [1.625, 7.25, 1.5, 6.375],
					"texture": "#1"
				},
				"down": {
					"uv": [1.875, 6.375, 1.75, 7.25],
					"texture": "#1"
				}
			}
		}
	]
}