{
	"textures": {
		"0": "animated_java:blueprint/buggy/buggy",
		"particle": "minecraft:item/pufferfish"
	},
	"display": {
		"head": {
			"rotation": [0, 180, 0]
		}
	},
	"elements": [
		{
			"from": [13.34619, 3.99898, 12.99774],
			"to": [15.54802, 4.87971, 13.87848],
			"rotation": {
				"angle": 0,
				"axis": "y",
				"origin": [8.94252, 11.04485, 20.04361]
			},
			"faces": {
				"north": {
					"uv": [10.75, 11.875, 11.0625, 12],
					"texture": "#0"
				},
				"east": {
					"uv": [12.75, 4.5, 12.875, 4.625],
					"texture": "#0"
				},
				"south": {
					"uv": [11.875, 10.875, 12.1875, 11],
					"texture": "#0"
				},
				"west": {
					"uv": [4.625, 12.75, 4.75, 12.875],
					"texture": "#0"
				},
				"up": {
					"uv": [12.1875, 11.25, 11.875, 11.125],
					"texture": "#0"
				},
				"down": {
					"uv": [12.1875, 11.375, 11.875, 11.5],
					"texture": "#0"
				}
			}
		},
		{
			"from": [14.00674, 8.18246, 12.55738],
			"to": [15.76821, 8.40265, 14.31884],
			"rotation": {
				"angle": 0,
				"axis": "y",
				"origin": [8.72233, 15.22833, 19.16288]
			},
			"faces": {
				"north": {
					"uv": [3.75, 13.25, 4, 13.28125],
					"texture": "#0"
				},
				"east": {
					"uv": [4.125, 13.25, 4.375, 13.28125],
					"texture": "#0"
				},
				"south": {
					"uv": [13.25, 4.25, 13.5, 4.28125],
					"texture": "#0"
				},
				"west": {
					"uv": [4.5, 13.25, 4.75, 13.28125],
					"texture": "#0"
				},
				"up": {
					"uv": [6.125, 9, 5.875, 8.75],
					"texture": "#0"
				},
				"down": {
					"uv": [7.875, 8.75, 7.625, 9],
					"texture": "#0"
				}
			}
		},
		{
			"from": [14.00674, 7.76954, 14.19291],
			"to": [15.76821, 7.98972, 15.73419],
			"rotation": {
				"angle": 22.5,
				"axis": "x",
				"origin": [14.88747, 7.87963, 15.29382]
			},
			"faces": {
				"north": {
					"uv": [13.25, 4.5, 13.5, 4.53125],
					"texture": "#0"
				},
				"east": {
					"uv": [13.625, 6, 13.84375, 6.03125],
					"texture": "#0"
				},
				"south": {
					"uv": [13.25, 6, 13.5, 6.03125],
					"texture": "#0"
				},
				"west": {
					"uv": [6.5, 13.625, 6.71875, 13.65625],
					"texture": "#0"
				},
				"up": {
					"uv": [9.625, 9.21875, 9.375, 9],
					"texture": "#0"
				},
				"down": {
					"uv": [9.625, 9.375, 9.375, 9.59375],
					"texture": "#0"
				}
			}
		},
		{
			"from": [13.56637, 4.2466, 11.14203],
			"to": [13.78655, 7.98972, 12.68331],
			"rotation": {
				"angle": -22.5,
				"axis": "x",
				"origin": [12.90582, 7.87963, 11.58239]
			},
			"faces": {
				"north": {
					"uv": [12.625, 8.25, 12.65625, 8.78125],
					"texture": "#0"
				},
				"east": {
					"uv": [3.375, 6, 3.59375, 6.53125],
					"texture": "#0"
				},
				"south": {
					"uv": [12.625, 9, 12.65625, 9.53125],
					"texture": "#0"
				},
				"west": {
					"uv": [3.75, 6, 3.96875, 6.53125],
					"texture": "#0"
				},
				"up": {
					"uv": [13.65625, 6.96875, 13.625, 6.75],
					"texture": "#0"
				},
				"down": {
					"uv": [13.65625, 7.5, 13.625, 7.71875],
					"texture": "#0"
				}
			}
		},
		{
			"from": [13.78655, 7.76954, 11.14203],
			"to": [15.76821, 7.98972, 12.68331],
			"rotation": {
				"angle": -22.5,
				"axis": "x",
				"origin": [14.88747, 7.87963, 11.58239]
			},
			"faces": {
				"north": {
					"uv": [9.875, 13, 10.15625, 13.03125],
					"texture": "#0"
				},
				"east": {
					"uv": [13.625, 7.875, 13.84375, 7.90625],
					"texture": "#0"
				},
				"south": {
					"uv": [13, 10.875, 13.28125, 10.90625],
					"texture": "#0"
				},
				"west": {
					"uv": [13.625, 10.25, 13.84375, 10.28125],
					"texture": "#0"
				},
				"up": {
					"uv": [0.65625, 9.21875, 0.375, 9],
					"texture": "#0"
				},
				"down": {
					"uv": [9.28125, 0.375, 9, 0.59375],
					"texture": "#0"
				}
			}
		},
		{
			"from": [14.00674, 6.84641, 15.3425],
			"to": [15.76821, 7.0666, 16.88379],
			"rotation": {
				"angle": 45,
				"axis": "x",
				"origin": [14.88747, 6.95651, 16.44342]
			},
			"faces": {
				"north": {
					"uv": [13.25, 6.75, 13.5, 6.78125],
					"texture": "#0"
				},
				"east": {
					"uv": [10.5, 13.625, 10.71875, 13.65625],
					"texture": "#0"
				},
				"south": {
					"uv": [7, 13.25, 7.25, 13.28125],
					"texture": "#0"
				},
				"west": {
					"uv": [13.625, 10.5, 13.84375, 10.53125],
					"texture": "#0"
				},
				"up": {
					"uv": [9.75, 0.21875, 9.5, 0],
					"texture": "#0"
				},
				"down": {
					"uv": [9.75, 0.375, 9.5, 0.59375],
					"texture": "#0"
				}
			}
		},
		{
			"from": [14.00674, 6.84641, 9.99243],
			"to": [15.76821, 7.0666, 11.53372],
			"rotation": {
				"angle": -45,
				"axis": "x",
				"origin": [14.88747, 6.95651, 10.4328]
			},
			"faces": {
				"north": {
					"uv": [13.25, 7, 13.5, 7.03125],
					"texture": "#0"
				},
				"east": {
					"uv": [13.625, 11, 13.84375, 11.03125],
					"texture": "#0"
				},
				"south": {
					"uv": [13.25, 7.625, 13.5, 7.65625],
					"texture": "#0"
				},
				"west": {
					"uv": [13.625, 11.25, 13.84375, 11.28125],
					"texture": "#0"
				},
				"up": {
					"uv": [9.75, 1.71875, 9.5, 1.5],
					"texture": "#0"
				},
				"down": {
					"uv": [9.75, 3.125, 9.5, 3.34375],
					"texture": "#0"
				}
			}
		},
		{
			"from": [14.00674, 5.19822, 16.91577],
			"to": [15.76821, 6.7395, 17.13595],
			"rotation": {
				"angle": -22.5,
				"axis": "x",
				"origin": [14.88747, 5.96886, 17.02586]
			},
			"faces": {
				"north": {
					"uv": [9.5, 3.75, 9.75, 3.96875],
					"texture": "#0"
				},
				"east": {
					"uv": [7.625, 13.625, 7.65625, 13.84375],
					"texture": "#0"
				},
				"south": {
					"uv": [9.5, 4.875, 9.75, 5.09375],
					"texture": "#0"
				},
				"west": {
					"uv": [12.5, 13.625, 12.53125, 13.84375],
					"texture": "#0"
				},
				"up": {
					"uv": [8.125, 13.28125, 7.875, 13.25],
					"texture": "#0"
				},
				"down": {
					"uv": [13.5, 7.875, 13.25, 7.90625],
					"texture": "#0"
				}
			}
		},
		{
			"from": [13.34619, 3.99898, -2.85547],
			"to": [15.54802, 4.87971, -1.97473],
			"rotation": {
				"angle": 0,
				"axis": "y",
				"origin": [14.66526, 5.17848, -2.31617]
			},
			"faces": {
				"north": {
					"uv": [10.25, 11.75, 10.5625, 11.875],
					"texture": "#0"
				},
				"east": {
					"uv": [10, 2.625, 10.125, 2.75],
					"texture": "#0"
				},
				"south": {
					"uv": [0, 11.875, 0.3125, 12],
					"texture": "#0"
				},
				"west": {
					"uv": [5.875, 10.125, 6, 10.25],
					"texture": "#0"
				},
				"up": {
					"uv": [12.1875, 2, 11.875, 1.875],
					"texture": "#0"
				},
				"down": {
					"uv": [12.1875, 2.125, 11.875, 2.25],
					"texture": "#0"
				}
			}
		},
		{
			"from": [14.00674, 8.18246, -3.29584],
			"to": [15.76821, 8.40265, -1.53437],
			"rotation": {
				"angle": 0,
				"axis": "y",
				"origin": [14.66526, 5.17848, -2.31617]
			},
			"faces": {
				"north": {
					"uv": [11.625, 13, 11.875, 13.03125],
					"texture": "#0"
				},
				"east": {
					"uv": [12, 13, 12.25, 13.03125],
					"texture": "#0"
				},
				"south": {
					"uv": [12.375, 13, 12.625, 13.03125],
					"texture": "#0"
				},
				"west": {
					"uv": [13, 12.375, 13.25, 12.40625],
					"texture": "#0"
				},
				"up": {
					"uv": [8, 4, 7.75, 3.75],
					"texture": "#0"
				},
				"down": {
					"uv": [8, 4.125, 7.75, 4.375],
					"texture": "#0"
				}
			}
		},
		{
			"from": [14.00674, 8.23621, -2.82772],
			"to": [15.76821, 8.4564, -1.28643],
			"rotation": {
				"angle": 22.5,
				"axis": "x",
				"origin": [14.66526, 5.17848, -2.31617]
			},
			"faces": {
				"north": {
					"uv": [0, 13.125, 0.25, 13.15625],
					"texture": "#0"
				},
				"east": {
					"uv": [13.5, 9.625, 13.71875, 9.65625],
					"texture": "#0"
				},
				"south": {
					"uv": [0.75, 13.125, 1, 13.15625],
					"texture": "#0"
				},
				"west": {
					"uv": [9.875, 13.5, 10.09375, 13.53125],
					"texture": "#0"
				},
				"up": {
					"uv": [9.375, 3.96875, 9.125, 3.75],
					"texture": "#0"
				},
				"down": {
					"uv": [9.375, 4.875, 9.125, 5.09375],
					"texture": "#0"
				}
			}
		},
		{
			"from": [13.56637, 4.789, -3.52871],
			"to": [13.78655, 8.53212, -1.98743],
			"rotation": {
				"angle": -22.5,
				"axis": "x",
				"origin": [14.66526, 5.17848, -2.31617]
			},
			"faces": {
				"north": {
					"uv": [12.625, 3.5, 12.65625, 4.03125],
					"texture": "#0"
				},
				"east": {
					"uv": [5.125, 5.75, 5.34375, 6.28125],
					"texture": "#0"
				},
				"south": {
					"uv": [12.625, 4.875, 12.65625, 5.40625],
					"texture": "#0"
				},
				"west": {
					"uv": [1.75, 5.875, 1.96875, 6.40625],
					"texture": "#0"
				},
				"up": {
					"uv": [13.53125, 10.09375, 13.5, 9.875],
					"texture": "#0"
				},
				"down": {
					"uv": [10.28125, 13.5, 10.25, 13.71875],
					"texture": "#0"
				}
			}
		},
		{
			"from": [13.78655, 8.31194, -3.52871],
			"to": [15.76821, 8.53212, -1.98743],
			"rotation": {
				"angle": -22.5,
				"axis": "x",
				"origin": [14.66526, 5.17848, -2.31617]
			},
			"faces": {
				"north": {
					"uv": [13, 6.25, 13.28125, 6.28125],
					"texture": "#0"
				},
				"east": {
					"uv": [13.5, 10.75, 13.71875, 10.78125],
					"texture": "#0"
				},
				"south": {
					"uv": [13, 6.5, 13.28125, 6.53125],
					"texture": "#0"
				},
				"west": {
					"uv": [10.875, 13.5, 11.09375, 13.53125],
					"texture": "#0"
				},
				"up": {
					"uv": [9.15625, 5.46875, 8.875, 5.25],
					"texture": "#0"
				},
				"down": {
					"uv": [9.15625, 5.625, 8.875, 5.84375],
					"texture": "#0"
				}
			}
		},
		{
			"from": [14.00674, 8.38076, -2.61922],
			"to": [15.76821, 8.60094, -1.07794],
			"rotation": {
				"angle": 45,
				"axis": "x",
				"origin": [14.66526, 5.17848, -2.31617]
			},
			"faces": {
				"north": {
					"uv": [13.125, 1.25, 13.375, 1.28125],
					"texture": "#0"
				},
				"east": {
					"uv": [11.25, 13.5, 11.46875, 13.53125],
					"texture": "#0"
				},
				"south": {
					"uv": [13.125, 1.5, 13.375, 1.53125],
					"texture": "#0"
				},
				"west": {
					"uv": [11.625, 13.5, 11.84375, 13.53125],
					"texture": "#0"
				},
				"up": {
					"uv": [3.375, 9.46875, 3.125, 9.25],
					"texture": "#0"
				},
				"down": {
					"uv": [3.75, 9.25, 3.5, 9.46875],
					"texture": "#0"
				}
			}
		},
		{
			"from": [14.00674, 8.52068, -3.69431],
			"to": [15.76821, 8.74086, -2.15303],
			"rotation": {
				"angle": -45,
				"axis": "x",
				"origin": [14.66526, 5.17848, -2.31617]
			},
			"faces": {
				"north": {
					"uv": [13.125, 2.625, 13.375, 2.65625],
					"texture": "#0"
				},
				"east": {
					"uv": [13.5, 11.625, 13.71875, 11.65625],
					"texture": "#0"
				},
				"south": {
					"uv": [6.625, 13.125, 6.875, 13.15625],
					"texture": "#0"
				},
				"west": {
					"uv": [13.5, 11.875, 13.71875, 11.90625],
					"texture": "#0"
				},
				"up": {
					"uv": [7, 9.46875, 6.75, 9.25],
					"texture": "#0"
				},
				"down": {
					"uv": [9.5, 7.25, 9.25, 7.46875],
					"texture": "#0"
				}
			}
		},
		{
			"from": [14.00674, 3.80294, 1.09945],
			"to": [15.76821, 5.34423, 1.31963],
			"rotation": {
				"angle": -22.5,
				"axis": "x",
				"origin": [14.66526, 5.17848, -2.31617]
			},
			"faces": {
				"north": {
					"uv": [9.25, 7.625, 9.5, 7.84375],
					"texture": "#0"
				},
				"east": {
					"uv": [12, 13.5, 12.03125, 13.71875],
					"texture": "#0"
				},
				"south": {
					"uv": [0.25, 9.375, 0.5, 9.59375],
					"texture": "#0"
				},
				"west": {
					"uv": [12.25, 13.5, 12.28125, 13.71875],
					"texture": "#0"
				},
				"up": {
					"uv": [13.375, 7.40625, 13.125, 7.375],
					"texture": "#0"
				},
				"down": {
					"uv": [13.375, 8.25, 13.125, 8.28125],
					"texture": "#0"
				}
			}
		},
		{
			"from": [-0.08501, 8.18246, -3.29584],
			"to": [1.67646, 8.40265, -1.53437],
			"rotation": {
				"angle": 0,
				"axis": "y",
				"origin": [6.96087, 15.22833, 3.30967]
			},
			"faces": {
				"north": {
					"uv": [13.125, 8.5, 13.375, 8.53125],
					"texture": "#0"
				},
				"east": {
					"uv": [13.125, 8.75, 13.375, 8.78125],
					"texture": "#0"
				},
				"south": {
					"uv": [13.125, 9, 13.375, 9.03125],
					"texture": "#0"
				},
				"west": {
					"uv": [13.125, 9.25, 13.375, 9.28125],
					"texture": "#0"
				},
				"up": {
					"uv": [8.375, 5.25, 8.125, 5],
					"texture": "#0"
				},
				"down": {
					"uv": [8.375, 5.375, 8.125, 5.625],
					"texture": "#0"
				}
			}
		},
		{
			"from": [-0.08501, 7.76954, -1.6603],
			"to": [1.67646, 7.98972, -0.11902],
			"rotation": {
				"angle": 22.5,
				"axis": "x",
				"origin": [0.79573, 7.87963, -0.55939]
			},
			"faces": {
				"north": {
					"uv": [13.125, 9.5, 13.375, 9.53125],
					"texture": "#0"
				},
				"east": {
					"uv": [13.5, 12.125, 13.71875, 12.15625],
					"texture": "#0"
				},
				"south": {
					"uv": [13.125, 9.75, 13.375, 9.78125],
					"texture": "#0"
				},
				"west": {
					"uv": [13.5, 12.625, 13.71875, 12.65625],
					"texture": "#0"
				},
				"up": {
					"uv": [9.625, 0.96875, 9.375, 0.75],
					"texture": "#0"
				},
				"down": {
					"uv": [9.625, 1.125, 9.375, 1.34375],
					"texture": "#0"
				}
			}
		},
		{
			"from": [1.89665, 4.2466, -4.71118],
			"to": [2.11683, 7.98972, -3.1699],
			"rotation": {
				"angle": -22.5,
				"axis": "x",
				"origin": [2.77738, 7.87963, -4.27082]
			},
			"faces": {
				"north": {
					"uv": [12.625, 5.625, 12.65625, 6.15625],
					"texture": "#0"
				},
				"east": {
					"uv": [2.125, 5.875, 2.34375, 6.40625],
					"texture": "#0"
				},
				"south": {
					"uv": [6.375, 12.625, 6.40625, 13.15625],
					"texture": "#0"
				},
				"west": {
					"uv": [5.75, 5.875, 5.96875, 6.40625],
					"texture": "#0"
				},
				"up": {
					"uv": [13.53125, 13.09375, 13.5, 12.875],
					"texture": "#0"
				},
				"down": {
					"uv": [0.03125, 13.625, 0, 13.84375],
					"texture": "#0"
				}
			}
		},
		{
			"from": [-0.08501, 7.76954, -4.71118],
			"to": [1.89665, 7.98972, -3.1699],
			"rotation": {
				"angle": -22.5,
				"axis": "x",
				"origin": [0.79573, 7.87963, -4.27082]
			},
			"faces": {
				"north": {
					"uv": [7, 13, 7.28125, 13.03125],
					"texture": "#0"
				},
				"east": {
					"uv": [13.625, 0, 13.84375, 0.03125],
					"texture": "#0"
				},
				"south": {
					"uv": [7.875, 13, 8.15625, 13.03125],
					"texture": "#0"
				},
				"west": {
					"uv": [13.625, 0.25, 13.84375, 0.28125],
					"texture": "#0"
				},
				"up": {
					"uv": [9.15625, 6.21875, 8.875, 6],
					"texture": "#0"
				},
				"down": {
					"uv": [9.15625, 6.375, 8.875, 6.59375],
					"texture": "#0"
				}
			}
		},
		{
			"from": [-0.08501, 6.84641, -0.51071],
			"to": [1.67646, 7.0666, 1.03058],
			"rotation": {
				"angle": 45,
				"axis": "x",
				"origin": [0.79573, 6.95651, 0.59021]
			},
			"faces": {
				"north": {
					"uv": [13.125, 10, 13.375, 10.03125],
					"texture": "#0"
				},
				"east": {
					"uv": [13.625, 0.5, 13.84375, 0.53125],
					"texture": "#0"
				},
				"south": {
					"uv": [13.125, 11.625, 13.375, 11.65625],
					"texture": "#0"
				},
				"west": {
					"uv": [0.75, 13.625, 0.96875, 13.65625],
					"texture": "#0"
				},
				"up": {
					"uv": [9.625, 2.59375, 9.375, 2.375],
					"texture": "#0"
				},
				"down": {
					"uv": [9.625, 2.75, 9.375, 2.96875],
					"texture": "#0"
				}
			}
		},
		{
			"from": [-0.08501, 6.84641, -5.86078],
			"to": [1.67646, 7.0666, -4.3195],
			"rotation": {
				"angle": -45,
				"axis": "x",
				"origin": [0.79573, 6.95651, -5.42041]
			},
			"faces": {
				"north": {
					"uv": [13.125, 11.875, 13.375, 11.90625],
					"texture": "#0"
				},
				"east": {
					"uv": [13.625, 0.75, 13.84375, 0.78125],
					"texture": "#0"
				},
				"south": {
					"uv": [13.125, 12.125, 13.375, 12.15625],
					"texture": "#0"
				},
				"west": {
					"uv": [13.625, 1, 13.84375, 1.03125],
					"texture": "#0"
				},
				"up": {
					"uv": [4.125, 9.59375, 3.875, 9.375],
					"texture": "#0"
				},
				"down": {
					"uv": [9.625, 4.125, 9.375, 4.34375],
					"texture": "#0"
				}
			}
		},
		{
			"from": [-0.08501, 5.19822, 1.06256],
			"to": [1.67646, 6.7395, 1.28274],
			"rotation": {
				"angle": -22.5,
				"axis": "x",
				"origin": [0.79573, 5.96886, 1.17265]
			},
			"faces": {
				"north": {
					"uv": [4.25, 9.375, 4.5, 9.59375],
					"texture": "#0"
				},
				"east": {
					"uv": [1.125, 13.625, 1.15625, 13.84375],
					"texture": "#0"
				},
				"south": {
					"uv": [9.375, 4.5, 9.625, 4.71875],
					"texture": "#0"
				},
				"west": {
					"uv": [1.375, 13.625, 1.40625, 13.84375],
					"texture": "#0"
				},
				"up": {
					"uv": [13.375, 12.65625, 13.125, 12.625],
					"texture": "#0"
				},
				"down": {
					"uv": [13, 13.125, 12.75, 13.15625],
					"texture": "#0"
				}
			}
		},
		{
			"from": [0.13518, 3.99898, -2.85547],
			"to": [2.33701, 4.87971, -1.97473],
			"rotation": {
				"angle": 0,
				"axis": "y",
				"origin": [1.2361, 4.43934, -2.4151]
			},
			"faces": {
				"north": {
					"uv": [11.875, 2.375, 12.1875, 2.5],
					"texture": "#0"
				},
				"east": {
					"uv": [10.625, 8.875, 10.75, 9],
					"texture": "#0"
				},
				"south": {
					"uv": [4.875, 11.875, 5.1875, 12],
					"texture": "#0"
				},
				"west": {
					"uv": [11, 8.625, 11.125, 8.75],
					"texture": "#0"
				},
				"up": {
					"uv": [5.6875, 12, 5.375, 11.875],
					"texture": "#0"
				},
				"down": {
					"uv": [6.1875, 11.875, 5.875, 12],
					"texture": "#0"
				}
			}
		},
		{
			"from": [0.13518, 3.99898, 12.99774],
			"to": [2.33701, 4.87971, 13.87848],
			"rotation": {
				"angle": 0,
				"axis": "y",
				"origin": [6.74068, 11.04485, 20.04361]
			},
			"faces": {
				"north": {
					"uv": [6.625, 11.875, 6.9375, 12],
					"texture": "#0"
				},
				"east": {
					"uv": [12.75, 0.75, 12.875, 0.875],
					"texture": "#0"
				},
				"south": {
					"uv": [8.375, 11.875, 8.6875, 12],
					"texture": "#0"
				},
				"west": {
					"uv": [3.375, 12.75, 3.5, 12.875],
					"texture": "#0"
				},
				"up": {
					"uv": [12.1875, 10.5, 11.875, 10.375],
					"texture": "#0"
				},
				"down": {
					"uv": [12.1875, 10.625, 11.875, 10.75],
					"texture": "#0"
				}
			}
		},
		{
			"from": [-0.08501, 8.18246, 12.55738],
			"to": [1.67646, 8.40265, 14.31884],
			"rotation": {
				"angle": 0,
				"axis": "y",
				"origin": [6.96087, 15.22833, 19.16288]
			},
			"faces": {
				"north": {
					"uv": [13.125, 12.875, 13.375, 12.90625],
					"texture": "#0"
				},
				"east": {
					"uv": [13.125, 13.125, 13.375, 13.15625],
					"texture": "#0"
				},
				"south": {
					"uv": [13.25, 0, 13.5, 0.03125],
					"texture": "#0"
				},
				"west": {
					"uv": [13.25, 0.25, 13.5, 0.28125],
					"texture": "#0"
				},
				"up": {
					"uv": [7.875, 8.625, 7.625, 8.375],
					"texture": "#0"
				},
				"down": {
					"uv": [8.75, 5.25, 8.5, 5.5],
					"texture": "#0"
				}
			}
		},
		{
			"from": [-0.08501, 7.76954, 14.19291],
			"to": [1.67646, 7.98972, 15.73419],
			"rotation": {
				"angle": 22.5,
				"axis": "x",
				"origin": [0.79573, 7.87963, 15.29382]
			},
			"faces": {
				"north": {
					"uv": [0.375, 13.25, 0.625, 13.28125],
					"texture": "#0"
				},
				"east": {
					"uv": [1.625, 13.625, 1.84375, 13.65625],
					"texture": "#0"
				},
				"south": {
					"uv": [13.25, 0.5, 13.5, 0.53125],
					"texture": "#0"
				},
				"west": {
					"uv": [13.625, 1.75, 13.84375, 1.78125],
					"texture": "#0"
				},
				"up": {
					"uv": [4.875, 9.59375, 4.625, 9.375],
					"texture": "#0"
				},
				"down": {
					"uv": [9.625, 5.25, 9.375, 5.46875],
					"texture": "#0"
				}
			}
		},
		{
			"from": [1.89665, 4.2466, 11.14203],
			"to": [2.11683, 7.98972, 12.68331],
			"rotation": {
				"angle": -22.5,
				"axis": "x",
				"origin": [2.77738, 7.87963, 11.58239]
			},
			"faces": {
				"north": {
					"uv": [12.625, 6.875, 12.65625, 7.40625],
					"texture": "#0"
				},
				"east": {
					"uv": [1.125, 6, 1.34375, 6.53125],
					"texture": "#0"
				},
				"south": {
					"uv": [7.625, 12.625, 7.65625, 13.15625],
					"texture": "#0"
				},
				"west": {
					"uv": [3, 6, 3.21875, 6.53125],
					"texture": "#0"
				},
				"up": {
					"uv": [2.03125, 13.84375, 2, 13.625],
					"texture": "#0"
				},
				"down": {
					"uv": [13.65625, 2, 13.625, 2.21875],
					"texture": "#0"
				}
			}
		},
		{
			"from": [-0.08501, 7.76954, 11.14203],
			"to": [1.89665, 7.98972, 12.68331],
			"rotation": {
				"angle": -22.5,
				"axis": "x",
				"origin": [0.79573, 7.87963, 11.58239]
			},
			"faces": {
				"north": {
					"uv": [8.875, 13, 9.15625, 13.03125],
					"texture": "#0"
				},
				"east": {
					"uv": [2.25, 13.625, 2.46875, 13.65625],
					"texture": "#0"
				},
				"south": {
					"uv": [9.375, 13, 9.65625, 13.03125],
					"texture": "#0"
				},
				"west": {
					"uv": [2.625, 13.625, 2.84375, 13.65625],
					"texture": "#0"
				},
				"up": {
					"uv": [7.03125, 9.09375, 6.75, 8.875],
					"texture": "#0"
				},
				"down": {
					"uv": [9.28125, 0, 9, 0.21875],
					"texture": "#0"
				}
			}
		},
		{
			"from": [-0.08501, 6.84641, 15.3425],
			"to": [1.67646, 7.0666, 16.88379],
			"rotation": {
				"angle": 45,
				"axis": "x",
				"origin": [0.79573, 6.95651, 16.44342]
			},
			"faces": {
				"north": {
					"uv": [13.25, 0.75, 13.5, 0.78125],
					"texture": "#0"
				},
				"east": {
					"uv": [13.625, 2.75, 13.84375, 2.78125],
					"texture": "#0"
				},
				"south": {
					"uv": [13.25, 1, 13.5, 1.03125],
					"texture": "#0"
				},
				"west": {
					"uv": [13.625, 3, 13.84375, 3.03125],
					"texture": "#0"
				},
				"up": {
					"uv": [9.625, 5.84375, 9.375, 5.625],
					"texture": "#0"
				},
				"down": {
					"uv": [9.625, 6, 9.375, 6.21875],
					"texture": "#0"
				}
			}
		},
		{
			"from": [-0.08501, 6.84641, 9.99243],
			"to": [1.67646, 7.0666, 11.53372],
			"rotation": {
				"angle": -45,
				"axis": "x",
				"origin": [0.79573, 6.95651, 10.4328]
			},
			"faces": {
				"north": {
					"uv": [13.25, 1.75, 13.5, 1.78125],
					"texture": "#0"
				},
				"east": {
					"uv": [13.625, 4.125, 13.84375, 4.15625],
					"texture": "#0"
				},
				"south": {
					"uv": [13.25, 2, 13.5, 2.03125],
					"texture": "#0"
				},
				"west": {
					"uv": [13.625, 4.375, 13.84375, 4.40625],
					"texture": "#0"
				},
				"up": {
					"uv": [9.625, 6.59375, 9.375, 6.375],
					"texture": "#0"
				},
				"down": {
					"uv": [9.625, 6.75, 9.375, 6.96875],
					"texture": "#0"
				}
			}
		},
		{
			"from": [-0.08501, 5.19822, 16.91577],
			"to": [1.67646, 6.7395, 17.13595],
			"rotation": {
				"angle": -22.5,
				"axis": "x",
				"origin": [0.79573, 5.96886, 17.02586]
			},
			"faces": {
				"north": {
					"uv": [9.375, 8.25, 9.625, 8.46875],
					"texture": "#0"
				},
				"east": {
					"uv": [3, 13.625, 3.03125, 13.84375],
					"texture": "#0"
				},
				"south": {
					"uv": [9.375, 8.625, 9.625, 8.84375],
					"texture": "#0"
				},
				"west": {
					"uv": [6.25, 13.625, 6.28125, 13.84375],
					"texture": "#0"
				},
				"up": {
					"uv": [13.5, 2.28125, 13.25, 2.25],
					"texture": "#0"
				},
				"down": {
					"uv": [3.625, 13.25, 3.375, 13.28125],
					"texture": "#0"
				}
			}
		},
		{
			"from": [1.09833, 3.99986, 14.07868],
			"to": [4.62127, 4.87883, 14.95941],
			"rotation": {
				"angle": -22.5,
				"axis": "y",
				"origin": [2.8598, 4.43934, 14.51904]
			},
			"faces": {
				"north": {
					"uv": [8.375, 8, 8.875, 8.125],
					"texture": "#0"
				},
				"east": {
					"uv": [3.625, 12.75, 3.75, 12.875],
					"texture": "#0"
				},
				"south": {
					"uv": [8.375, 8.25, 8.875, 8.375],
					"texture": "#0"
				},
				"west": {
					"uv": [3.875, 12.75, 4, 12.875],
					"texture": "#0"
				},
				"up": {
					"uv": [9, 2.625, 8.5, 2.5],
					"texture": "#0"
				},
				"down": {
					"uv": [9, 5, 8.5, 5.125],
					"texture": "#0"
				}
			}
		},
		{
			"from": [10.73532, 3.99986, -3.17866],
			"to": [14.25826, 4.87883, -2.29793],
			"rotation": {
				"angle": -22.5,
				"axis": "y",
				"origin": [14.66526, 5.17848, -2.31617]
			},
			"faces": {
				"north": {
					"uv": [7.75, 1.125, 8.25, 1.25],
					"texture": "#0"
				},
				"east": {
					"uv": [5.625, 9.75, 5.75, 9.875],
					"texture": "#0"
				},
				"south": {
					"uv": [7.75, 1.375, 8.25, 1.5],
					"texture": "#0"
				},
				"west": {
					"uv": [8, 9.75, 8.125, 9.875],
					"texture": "#0"
				},
				"up": {
					"uv": [8.25, 1.75, 7.75, 1.625],
					"texture": "#0"
				},
				"down": {
					"uv": [8.25, 1.875, 7.75, 2],
					"texture": "#0"
				}
			}
		},
		{
			"from": [10.82635, 3.99986, -2.55413],
			"to": [14.34928, 4.87883, -1.6734],
			"rotation": {
				"angle": 22.5,
				"axis": "y",
				"origin": [14.66526, 5.17848, -2.31617]
			},
			"faces": {
				"north": {
					"uv": [7.75, 2.75, 8.25, 2.875],
					"texture": "#0"
				},
				"east": {
					"uv": [7.75, 10.125, 7.875, 10.25],
					"texture": "#0"
				},
				"south": {
					"uv": [7.75, 3, 8.25, 3.125],
					"texture": "#0"
				},
				"west": {
					"uv": [8.75, 10.125, 8.875, 10.25],
					"texture": "#0"
				},
				"up": {
					"uv": [8.25, 3.375, 7.75, 3.25],
					"texture": "#0"
				},
				"down": {
					"uv": [8.25, 3.5, 7.75, 3.625],
					"texture": "#0"
				}
			}
		},
		{
			"from": [1.09833, 3.99986, 11.87684],
			"to": [4.62127, 4.87883, 12.75758],
			"rotation": {
				"angle": 22.5,
				"axis": "y",
				"origin": [2.8598, 4.43934, 12.31721]
			},
			"faces": {
				"north": {
					"uv": [8.375, 3.5, 8.875, 3.625],
					"texture": "#0"
				},
				"east": {
					"uv": [12.75, 0, 12.875, 0.125],
					"texture": "#0"
				},
				"south": {
					"uv": [8.375, 7.25, 8.875, 7.375],
					"texture": "#0"
				},
				"west": {
					"uv": [12.75, 0.25, 12.875, 0.375],
					"texture": "#0"
				},
				"up": {
					"uv": [8.875, 7.625, 8.375, 7.5],
					"texture": "#0"
				},
				"down": {
					"uv": [8.875, 7.75, 8.375, 7.875],
					"texture": "#0"
				}
			}
		},
		{
			"from": [1.09833, 3.99986, -3.97637],
			"to": [4.62127, 4.87883, -3.09564],
			"rotation": {
				"angle": 22.5,
				"axis": "y",
				"origin": [2.8598, 4.43934, -3.536]
			},
			"faces": {
				"north": {
					"uv": [7.875, 2.5, 8.375, 2.625],
					"texture": "#0"
				},
				"east": {
					"uv": [8.5, 10.5, 8.625, 10.625],
					"texture": "#0"
				},
				"south": {
					"uv": [0, 8.125, 0.5, 8.25],
					"texture": "#0"
				},
				"west": {
					"uv": [10.625, 6.75, 10.75, 6.875],
					"texture": "#0"
				},
				"up": {
					"uv": [8.625, 0.875, 8.125, 0.75],
					"texture": "#0"
				},
				"down": {
					"uv": [8.625, 3.75, 8.125, 3.875],
					"texture": "#0"
				}
			}
		},
		{
			"from": [1.09833, 3.99986, -1.77454],
			"to": [4.62127, 4.87883, -0.8938],
			"rotation": {
				"angle": -22.5,
				"axis": "y",
				"origin": [2.8598, 4.43934, -1.33417]
			},
			"faces": {
				"north": {
					"uv": [8.125, 4, 8.625, 4.125],
					"texture": "#0"
				},
				"east": {
					"uv": [12.625, 11.125, 12.75, 11.25],
					"texture": "#0"
				},
				"south": {
					"uv": [8.125, 4.25, 8.625, 4.375],
					"texture": "#0"
				},
				"west": {
					"uv": [12.625, 11.375, 12.75, 11.5],
					"texture": "#0"
				},
				"up": {
					"uv": [8.625, 4.625, 8.125, 4.5],
					"texture": "#0"
				},
				"down": {
					"uv": [8.625, 4.75, 8.125, 4.875],
					"texture": "#0"
				}
			}
		},
		{
			"from": [11.06193, 3.99986, 11.87684],
			"to": [14.58487, 4.87883, 12.75758],
			"rotation": {
				"angle": -22.5,
				"axis": "y",
				"origin": [12.8234, 4.43934, 12.31721]
			},
			"faces": {
				"north": {
					"uv": [8.75, 1.875, 9.25, 2],
					"texture": "#0"
				},
				"east": {
					"uv": [4.125, 12.75, 4.25, 12.875],
					"texture": "#0"
				},
				"south": {
					"uv": [8.75, 4.125, 9.25, 4.25],
					"texture": "#0"
				},
				"west": {
					"uv": [4.375, 12.75, 4.5, 12.875],
					"texture": "#0"
				},
				"up": {
					"uv": [9.25, 4.5, 8.75, 4.375],
					"texture": "#0"
				},
				"down": {
					"uv": [9.25, 4.625, 8.75, 4.75],
					"texture": "#0"
				}
			}
		},
		{
			"from": [11.06193, 3.99986, 14.07868],
			"to": [14.58487, 4.87883, 14.95941],
			"rotation": {
				"angle": 22.5,
				"axis": "y",
				"origin": [12.8234, 4.43934, 14.51904]
			},
			"faces": {
				"north": {
					"uv": [8.75, 6.75, 9.25, 6.875],
					"texture": "#0"
				},
				"east": {
					"uv": [12.75, 6.625, 12.875, 6.75],
					"texture": "#0"
				},
				"south": {
					"uv": [8.75, 7, 9.25, 7.125],
					"texture": "#0"
				},
				"west": {
					"uv": [7.125, 12.75, 7.25, 12.875],
					"texture": "#0"
				},
				"up": {
					"uv": [9.25, 8.625, 8.75, 8.5],
					"texture": "#0"
				},
				"down": {
					"uv": [9.25, 8.75, 8.75, 8.875],
					"texture": "#0"
				}
			}
		},
		{
			"from": [7.40123, 5.76044, 2.42894],
			"to": [8.28197, 9.28338, 3.30967],
			"rotation": {
				"angle": 0,
				"axis": "y",
				"origin": [9.1627, 11.92558, 10.35554]
			},
			"faces": {
				"north": {
					"uv": [4.125, 6.25, 4.25, 7],
					"texture": "#0"
				},
				"east": {
					"uv": [4.375, 6.25, 4.5, 7],
					"texture": "#0"
				},
				"south": {
					"uv": [4.625, 6.25, 4.75, 7],
					"texture": "#0"
				},
				"west": {
					"uv": [4.875, 6.25, 5, 7],
					"texture": "#0"
				},
				"up": {
					"uv": [0.5, 8.5, 0.375, 8.375],
					"texture": "#0"
				},
				"down": {
					"uv": [2.375, 8.75, 2.25, 8.875],
					"texture": "#0"
				}
			}
		},
		{
			"from": [6.96087, 9.28338, 1.98857],
			"to": [8.72233, 9.94393, 3.75004],
			"rotation": {
				"angle": 0,
				"axis": "y",
				"origin": [9.1627, 16.32925, 10.35554]
			},
			"faces": {
				"north": {
					"uv": [12.25, 7.25, 12.5, 7.34375],
					"texture": "#0"
				},
				"east": {
					"uv": [12.25, 8.625, 12.5, 8.71875],
					"texture": "#0"
				},
				"south": {
					"uv": [12.25, 8.875, 12.5, 8.96875],
					"texture": "#0"
				},
				"west": {
					"uv": [12.25, 9.125, 12.5, 9.21875],
					"texture": "#0"
				},
				"up": {
					"uv": [3, 1.875, 2.75, 1.625],
					"texture": "#0"
				},
				"down": {
					"uv": [7.625, 0.75, 7.375, 1],
					"texture": "#0"
				}
			}
		},
		{
			"from": [6.96087, 9.44361, 1.18302],
			"to": [8.72233, 10.10416, 2.15183],
			"rotation": {
				"angle": 22.5,
				"axis": "x",
				"origin": [7.8416, 9.77389, 1.66743]
			},
			"faces": {
				"north": {
					"uv": [12.25, 9.375, 12.5, 9.46875],
					"texture": "#0"
				},
				"east": {
					"uv": [12.875, 9.875, 13, 9.96875],
					"texture": "#0"
				},
				"south": {
					"uv": [12.25, 9.625, 12.5, 9.71875],
					"texture": "#0"
				},
				"west": {
					"uv": [12.875, 10.125, 13, 10.21875],
					"texture": "#0"
				},
				"up": {
					"uv": [11.125, 12.25, 10.875, 12.125],
					"texture": "#0"
				},
				"down": {
					"uv": [12.5, 1.375, 12.25, 1.5],
					"texture": "#0"
				}
			}
		},
		{
			"from": [6.96087, 9.70837, 1.0245],
			"to": [8.72233, 11.24965, 1.68505],
			"rotation": {
				"angle": -22.5,
				"axis": "x",
				"origin": [7.8416, 9.92855, 1.24468]
			},
			"faces": {
				"north": {
					"uv": [9.125, 1.5, 9.375, 1.71875],
					"texture": "#0"
				},
				"east": {
					"uv": [6.5, 10, 6.59375, 10.21875],
					"texture": "#0"
				},
				"south": {
					"uv": [9.125, 3.125, 9.375, 3.34375],
					"texture": "#0"
				},
				"west": {
					"uv": [0, 10.375, 0.09375, 10.59375],
					"texture": "#0"
				},
				"up": {
					"uv": [12.5, 9.96875, 12.25, 9.875],
					"texture": "#0"
				},
				"down": {
					"uv": [12.5, 10.125, 12.25, 10.21875],
					"texture": "#0"
				}
			}
		},
		{
			"from": [6.96087, 9.38486, 1.61801],
			"to": [8.72233, 11.58669, 2.49874],
			"rotation": {
				"angle": -22.5,
				"axis": "x",
				"origin": [7.8416, 10.26559, 2.05838]
			},
			"faces": {
				"north": {
					"uv": [6.375, 0.75, 6.625, 1.0625],
					"texture": "#0"
				},
				"east": {
					"uv": [0, 9.875, 0.125, 10.1875],
					"texture": "#0"
				},
				"south": {
					"uv": [5.375, 6.625, 5.625, 6.9375],
					"texture": "#0"
				},
				"west": {
					"uv": [6.375, 11.75, 6.5, 12.0625],
					"texture": "#0"
				},
				"up": {
					"uv": [12.5, 4.25, 12.25, 4.125],
					"texture": "#0"
				},
				"down": {
					"uv": [12.5, 4.375, 12.25, 4.5],
					"texture": "#0"
				}
			}
		},
		{
			"from": [8.72233, 12.14576, 1.5482],
			"to": [8.94252, 12.36595, 1.98857],
			"rotation": {
				"angle": 0,
				"axis": "y",
				"origin": [10.04343, 18.97145, 9.03444]
			},
			"faces": {
				"north": {
					"uv": [4, 14, 4.03125, 14.03125],
					"texture": "#0"
				},
				"east": {
					"uv": [0, 14, 0.0625, 14.03125],
					"texture": "#0"
				},
				"south": {
					"uv": [14, 4, 14.03125, 4.03125],
					"texture": "#0"
				},
				"west": {
					"uv": [14, 0, 14.0625, 0.03125],
					"texture": "#0"
				},
				"up": {
					"uv": [0.28125, 14.0625, 0.25, 14],
					"texture": "#0"
				},
				"down": {
					"uv": [14.03125, 0.25, 14, 0.3125],
					"texture": "#0"
				}
			}
		},
		{
			"from": [8.50215, 11.92558, 1.98857],
			"to": [9.1627, 12.58613, 3.75004],
			"rotation": {
				"angle": 0,
				"axis": "y",
				"origin": [8.83243, 12.25586, 2.8693]
			},
			"faces": {
				"north": {
					"uv": [13, 0.75, 13.09375, 0.84375],
					"texture": "#0"
				},
				"east": {
					"uv": [12.375, 0, 12.625, 0.09375],
					"texture": "#0"
				},
				"south": {
					"uv": [13, 1, 13.09375, 1.09375],
					"texture": "#0"
				},
				"west": {
					"uv": [12.375, 0.25, 12.625, 0.34375],
					"texture": "#0"
				},
				"up": {
					"uv": [3.84375, 7.75, 3.75, 7.5],
					"texture": "#0"
				},
				"down": {
					"uv": [1.96875, 9.875, 1.875, 10.125],
					"texture": "#0"
				}
			}
		},
		{
			"from": [8.72233, 9.72375, 2.8693],
			"to": [8.94252, 11.92558, 3.08949],
			"rotation": {
				"angle": 0,
				"axis": "y",
				"origin": [10.26362, 16.76962, 10.57572]
			},
			"faces": {
				"north": {
					"uv": [12.625, 9.75, 12.65625, 10.25],
					"texture": "#0"
				},
				"east": {
					"uv": [10.875, 12.625, 10.90625, 13.125],
					"texture": "#0"
				},
				"south": {
					"uv": [11.125, 12.625, 11.15625, 13.125],
					"texture": "#0"
				},
				"west": {
					"uv": [3.125, 12.75, 3.15625, 13.25],
					"texture": "#0"
				},
				"up": {
					"uv": [4.28125, 14.03125, 4.25, 14],
					"texture": "#0"
				},
				"down": {
					"uv": [14.03125, 4.25, 14, 4.28125],
					"texture": "#0"
				}
			}
		},
		{
			"from": [10.4838, 3.99898, -4.83712],
			"to": [10.70399, 6.86136, -4.61694],
			"rotation": {
				"angle": 0,
				"axis": "y",
				"origin": [9.60307, 11.04485, -3.7362]
			},
			"faces": {
				"north": {
					"uv": [8.375, 12.875, 8.40625, 13.28125],
					"texture": "#0"
				},
				"east": {
					"uv": [8.625, 12.875, 8.65625, 13.28125],
					"texture": "#0"
				},
				"south": {
					"uv": [12.875, 8.625, 12.90625, 9.03125],
					"texture": "#0"
				},
				"west": {
					"uv": [12.875, 9.25, 12.90625, 9.65625],
					"texture": "#0"
				},
				"up": {
					"uv": [4.53125, 14.03125, 4.5, 14],
					"texture": "#0"
				},
				"down": {
					"uv": [14.03125, 4.5, 14, 4.53125],
					"texture": "#0"
				}
			}
		},
		{
			"from": [10.04343, 6.86136, -5.27749],
			"to": [11.14435, 7.52191, -4.17657],
			"rotation": {
				"angle": 0,
				"axis": "y",
				"origin": [9.60307, 13.90723, -3.7362]
			},
			"faces": {
				"north": {
					"uv": [12.875, 6, 13.03125, 6.09375],
					"texture": "#0"
				},
				"east": {
					"uv": [6.625, 12.875, 6.78125, 12.96875],
					"texture": "#0"
				},
				"south": {
					"uv": [12.875, 6.875, 13.03125, 6.96875],
					"texture": "#0"
				},
				"west": {
					"uv": [12.875, 7.125, 13.03125, 7.21875],
					"texture": "#0"
				},
				"up": {
					"uv": [12.40625, 7.03125, 12.25, 6.875],
					"texture": "#0"
				},
				"down": {
					"uv": [12.40625, 8.25, 12.25, 8.40625],
					"texture": "#0"
				}
			}
		},
		{
			"from": [8.94252, 4.87971, -4.39675],
			"to": [11.14435, 5.76044, -1.75455],
			"rotation": {
				"angle": 0,
				"axis": "y",
				"origin": [7.62142, 11.92558, -0.87382]
			},
			"faces": {
				"north": {
					"uv": [11.75, 8.25, 12.0625, 8.375],
					"texture": "#0"
				},
				"east": {
					"uv": [9.75, 2.875, 10.125, 3],
					"texture": "#0"
				},
				"south": {
					"uv": [9.25, 11.75, 9.5625, 11.875],
					"texture": "#0"
				},
				"west": {
					"uv": [9.75, 3.5, 10.125, 3.625],
					"texture": "#0"
				},
				"up": {
					"uv": [0.3125, 6.125, 0, 5.75],
					"texture": "#0"
				},
				"down": {
					"uv": [4.4375, 5.75, 4.125, 6.125],
					"texture": "#0"
				}
			}
		},
		{
			"from": [9.38288, 4.87971, -1.53437],
			"to": [10.70399, 6.64118, -0.21327],
			"rotation": {
				"angle": 0,
				"axis": "y",
				"origin": [7.62142, 11.92558, 1.32802]
			},
			"faces": {
				"north": {
					"uv": [9.75, 4.125, 9.9375, 4.375],
					"texture": "#0"
				},
				"east": {
					"uv": [4.375, 9.75, 4.5625, 10],
					"texture": "#0"
				},
				"south": {
					"uv": [9.75, 4.5, 9.9375, 4.75],
					"texture": "#0"
				},
				"west": {
					"uv": [4.75, 9.75, 4.9375, 10],
					"texture": "#0"
				},
				"up": {
					"uv": [12.3125, 0.9375, 12.125, 0.75],
					"texture": "#0"
				},
				"down": {
					"uv": [6.8125, 12.125, 6.625, 12.3125],
					"texture": "#0"
				}
			}
		},
		{
			"from": [4.53885, 4.87971, -4.39675],
			"to": [6.74068, 5.76044, -1.75455],
			"rotation": {
				"angle": 0,
				"axis": "y",
				"origin": [3.65811, 11.92558, -0.87382]
			},
			"faces": {
				"north": {
					"uv": [9.75, 11.75, 10.0625, 11.875],
					"texture": "#0"
				},
				"east": {
					"uv": [5.125, 9.75, 5.5, 9.875],
					"texture": "#0"
				},
				"south": {
					"uv": [11.75, 10.125, 12.0625, 10.25],
					"texture": "#0"
				},
				"west": {
					"uv": [9.75, 5.25, 10.125, 5.375],
					"texture": "#0"
				},
				"up": {
					"uv": [4.9375, 6.125, 4.625, 5.75],
					"texture": "#0"
				},
				"down": {
					"uv": [6.0625, 5.375, 5.75, 5.75],
					"texture": "#0"
				}
			}
		},
		{
			"from": [6.96087, 4.87971, -4.17657],
			"to": [8.72233, 5.32008, -1.97473],
			"rotation": {
				"angle": 0,
				"axis": "y",
				"origin": [5.85995, 11.92558, -0.87382]
			},
			"faces": {
				"north": {
					"uv": [12.625, 4.25, 12.875, 4.3125],
					"texture": "#0"
				},
				"east": {
					"uv": [12.375, 10.375, 12.6875, 10.4375],
					"texture": "#0"
				},
				"south": {
					"uv": [12.625, 6.375, 12.875, 6.4375],
					"texture": "#0"
				},
				"west": {
					"uv": [12.375, 10.625, 12.6875, 10.6875],
					"texture": "#0"
				},
				"up": {
					"uv": [6, 6.9375, 5.75, 6.625],
					"texture": "#0"
				},
				"down": {
					"uv": [6.875, 5.875, 6.625, 6.1875],
					"texture": "#0"
				}
			}
		},
		{
			"from": [4.97921, 4.87971, -1.53437],
			"to": [9.1627, 5.54026, 0.44728],
			"rotation": {
				"angle": 0,
				"axis": "y",
				"origin": [3.65811, 11.92558, 1.32802]
			},
			"faces": {
				"north": {
					"uv": [9, 3.5, 9.59375, 3.59375],
					"texture": "#0"
				},
				"east": {
					"uv": [12.25, 4.625, 12.53125, 4.71875],
					"texture": "#0"
				},
				"south": {
					"uv": [9, 8, 9.59375, 8.09375],
					"texture": "#0"
				},
				"west": {
					"uv": [12.25, 6.625, 12.53125, 6.71875],
					"texture": "#0"
				},
				"up": {
					"uv": [5.84375, 5.15625, 5.25, 4.875],
					"texture": "#0"
				},
				"down": {
					"uv": [2.34375, 5.375, 1.75, 5.65625],
					"texture": "#0"
				}
			}
		},
		{
			"from": [10.26362, 7.52191, -5.0573],
			"to": [10.92417, 8.84301, -4.39675],
			"rotation": {
				"angle": 0,
				"axis": "y",
				"origin": [9.60307, 14.56778, -3.51602]
			},
			"faces": {
				"north": {
					"uv": [12.5, 12.375, 12.59375, 12.5625],
					"texture": "#0"
				},
				"east": {
					"uv": [0.5, 12.625, 0.59375, 12.8125],
					"texture": "#0"
				},
				"south": {
					"uv": [12.625, 1.375, 12.71875, 1.5625],
					"texture": "#0"
				},
				"west": {
					"uv": [12.625, 2.625, 12.71875, 2.8125],
					"texture": "#0"
				},
				"up": {
					"uv": [3.46875, 13.09375, 3.375, 13],
					"texture": "#0"
				},
				"down": {
					"uv": [3.71875, 13, 3.625, 13.09375],
					"texture": "#0"
				}
			}
		},
		{
			"from": [10.92417, 9.0632, -6.3784],
			"to": [11.58472, 9.50356, -5.71785],
			"rotation": {
				"angle": -45,
				"axis": "y",
				"origin": [11.25444, 9.28338, -5.27749]
			},
			"faces": {
				"north": {
					"uv": [13.625, 13.25, 13.71875, 13.3125],
					"texture": "#0"
				},
				"east": {
					"uv": [13.5, 13.625, 13.59375, 13.6875],
					"texture": "#0"
				},
				"south": {
					"uv": [0.25, 13.75, 0.34375, 13.8125],
					"texture": "#0"
				},
				"west": {
					"uv": [0.5, 13.75, 0.59375, 13.8125],
					"texture": "#0"
				},
				"up": {
					"uv": [3.96875, 13.09375, 3.875, 13],
					"texture": "#0"
				},
				"down": {
					"uv": [4.21875, 13, 4.125, 13.09375],
					"texture": "#0"
				}
			}
		},
		{
			"from": [10.70399, 8.84301, -5.71785],
			"to": [11.8049, 9.72375, -3.29584],
			"rotation": {
				"angle": -45,
				"axis": "y",
				"origin": [11.25444, 9.28338, -5.27749]
			},
			"faces": {
				"north": {
					"uv": [10.875, 12.375, 11.03125, 12.5],
					"texture": "#0"
				},
				"east": {
					"uv": [11.75, 1.125, 12.09375, 1.25],
					"texture": "#0"
				},
				"south": {
					"uv": [12.375, 10.875, 12.53125, 11],
					"texture": "#0"
				},
				"west": {
					"uv": [11.75, 1.375, 12.09375, 1.5],
					"texture": "#0"
				},
				"up": {
					"uv": [7.28125, 9.84375, 7.125, 9.5],
					"texture": "#0"
				},
				"down": {
					"uv": [8.40625, 9.5, 8.25, 9.84375],
					"texture": "#0"
				}
			}
		},
		{
			"from": [8.28197, 4.87971, 16.52068],
			"to": [10.92417, 10.60448, 17.40141],
			"rotation": {
				"angle": 0,
				"axis": "y",
				"origin": [7.8416, 11.92558, 15.63994]
			},
			"faces": {
				"north": {
					"uv": [3, 4.625, 3.375, 5.4375],
					"texture": "#0"
				},
				"east": {
					"uv": [6.125, 5.875, 6.25, 6.6875],
					"texture": "#0"
				},
				"south": {
					"uv": [0, 4.75, 0.375, 5.5625],
					"texture": "#0"
				},
				"west": {
					"uv": [0, 6.25, 0.125, 7.0625],
					"texture": "#0"
				},
				"up": {
					"uv": [10.125, 5.625, 9.75, 5.5],
					"texture": "#0"
				},
				"down": {
					"uv": [10.125, 5.75, 9.75, 5.875],
					"texture": "#0"
				}
			}
		},
		{
			"from": [8.50215, 9.0632, 17.40141],
			"to": [10.70399, 10.3843, 17.6216],
			"rotation": {
				"angle": 0,
				"axis": "y",
				"origin": [7.8416, 11.92558, 16.52068]
			},
			"faces": {
				"north": {
					"uv": [4.125, 9, 4.4375, 9.1875],
					"texture": "#0"
				},
				"east": {
					"uv": [13.75, 1.25, 13.78125, 1.4375],
					"texture": "#0"
				},
				"south": {
					"uv": [4.625, 9, 4.9375, 9.1875],
					"texture": "#0"
				},
				"west": {
					"uv": [13.75, 2.375, 13.78125, 2.5625],
					"texture": "#0"
				},
				"up": {
					"uv": [13.1875, 11.15625, 12.875, 11.125],
					"texture": "#0"
				},
				"down": {
					"uv": [13.1875, 11.375, 12.875, 11.40625],
					"texture": "#0"
				}
			}
		},
		{
			"from": [4.75903, 4.87971, 16.52068],
			"to": [7.40123, 10.60448, 17.40141],
			"rotation": {
				"angle": 0,
				"axis": "y",
				"origin": [4.31866, 11.92558, 15.63994]
			},
			"faces": {
				"north": {
					"uv": [4.75, 1.375, 5.125, 2.1875],
					"texture": "#0"
				},
				"east": {
					"uv": [0.25, 6.25, 0.375, 7.0625],
					"texture": "#0"
				},
				"south": {
					"uv": [4.75, 2.375, 5.125, 3.1875],
					"texture": "#0"
				},
				"west": {
					"uv": [0.5, 6.25, 0.625, 7.0625],
					"texture": "#0"
				},
				"up": {
					"uv": [10.125, 6.125, 9.75, 6],
					"texture": "#0"
				},
				"down": {
					"uv": [6.5, 9.75, 6.125, 9.875],
					"texture": "#0"
				}
			}
		},
		{
			"from": [4.31866, 4.87971, 14.75921],
			"to": [11.36454, 11.04485, 16.52068],
			"rotation": {
				"angle": 0,
				"axis": "y",
				"origin": [7.8416, 11.92558, 13.87848]
			},
			"faces": {
				"north": {
					"uv": [1.625, 0, 2.625, 0.875],
					"texture": "#0"
				},
				"east": {
					"uv": [5.125, 3.875, 5.375, 4.75],
					"texture": "#0"
				},
				"south": {
					"uv": [1.625, 1, 2.625, 1.875],
					"texture": "#0"
				},
				"west": {
					"uv": [0.5, 5.25, 0.75, 6.125],
					"texture": "#0"
				},
				"up": {
					"uv": [6, 0.75, 5, 0.5],
					"texture": "#0"
				},
				"down": {
					"uv": [6, 0.875, 5, 1.125],
					"texture": "#0"
				}
			}
		},
		{
			"from": [8.06178, 5.76044, 16.52068],
			"to": [8.28197, 14.12742, 16.74086],
			"rotation": {
				"angle": 0,
				"axis": "y",
				"origin": [6.96087, 11.92558, 15.63994]
			},
			"faces": {
				"north": {
					"uv": [5.125, 12.125, 5.15625, 13.3125],
					"texture": "#0"
				},
				"east": {
					"uv": [5.375, 12.125, 5.40625, 13.3125],
					"texture": "#0"
				},
				"south": {
					"uv": [5.625, 12.125, 5.65625, 13.3125],
					"texture": "#0"
				},
				"west": {
					"uv": [5.875, 12.125, 5.90625, 13.3125],
					"texture": "#0"
				},
				"up": {
					"uv": [4.78125, 14.03125, 4.75, 14],
					"texture": "#0"
				},
				"down": {
					"uv": [5.03125, 14, 5, 14.03125],
					"texture": "#0"
				}
			}
		},
		{
			"from": [7.40123, 5.76044, 16.52068],
			"to": [7.62142, 15.88888, 16.74086],
			"rotation": {
				"angle": 0,
				"axis": "y",
				"origin": [6.30032, 11.92558, 15.63994]
			},
			"faces": {
				"north": {
					"uv": [1.125, 11.75, 1.15625, 13.1875],
					"texture": "#0"
				},
				"east": {
					"uv": [1.375, 11.75, 1.40625, 13.1875],
					"texture": "#0"
				},
				"south": {
					"uv": [1.625, 11.75, 1.65625, 13.1875],
					"texture": "#0"
				},
				"west": {
					"uv": [1.875, 11.75, 1.90625, 13.1875],
					"texture": "#0"
				},
				"up": {
					"uv": [5.28125, 14.03125, 5.25, 14],
					"texture": "#0"
				},
				"down": {
					"uv": [14.03125, 5.375, 14, 5.40625],
					"texture": "#0"
				}
			}
		},
		{
			"from": [4.53885, 4.87971, 14.09866],
			"to": [5.1994, 11.04485, 14.75921],
			"rotation": {
				"angle": 0,
				"axis": "y",
				"origin": [0.79573, 3.99898, -0.21327]
			},
			"faces": {
				"north": {
					"uv": [6.375, 5.875, 6.46875, 6.75],
					"texture": "#0"
				},
				"east": {
					"uv": [5.125, 6.5, 5.21875, 7.375],
					"texture": "#0"
				},
				"south": {
					"uv": [1.75, 6.625, 1.84375, 7.5],
					"texture": "#0"
				},
				"west": {
					"uv": [2, 6.625, 2.09375, 7.5],
					"texture": "#0"
				},
				"up": {
					"uv": [13.09375, 4.34375, 13, 4.25],
					"texture": "#0"
				},
				"down": {
					"uv": [4.46875, 13, 4.375, 13.09375],
					"texture": "#0"
				}
			}
		},
		{
			"from": [10.4838, 4.87971, 14.09866],
			"to": [11.14435, 11.04485, 14.75921],
			"rotation": {
				"angle": 0,
				"axis": "y",
				"origin": [0.79573, 3.99898, -0.21327]
			},
			"faces": {
				"north": {
					"uv": [2.25, 6.625, 2.34375, 7.5],
					"texture": "#0"
				},
				"east": {
					"uv": [2.5, 6.625, 2.59375, 7.5],
					"texture": "#0"
				},
				"south": {
					"uv": [2.75, 6.625, 2.84375, 7.5],
					"texture": "#0"
				},
				"west": {
					"uv": [6.625, 3.875, 6.71875, 4.75],
					"texture": "#0"
				},
				"up": {
					"uv": [13.09375, 4.59375, 13, 4.5],
					"texture": "#0"
				},
				"down": {
					"uv": [4.71875, 13, 4.625, 13.09375],
					"texture": "#0"
				}
			}
		},
		{
			"from": [5.1994, 9.50356, 14.31884],
			"to": [10.4838, 9.94393, 14.75921],
			"rotation": {
				"angle": 0,
				"axis": "y",
				"origin": [8.94252, 7.96228, 14.53903]
			},
			"faces": {
				"north": {
					"uv": [9.75, 6.25, 10.5, 6.3125],
					"texture": "#0"
				},
				"east": {
					"uv": [13.75, 7.125, 13.8125, 7.1875],
					"texture": "#0"
				},
				"south": {
					"uv": [9.75, 6.5, 10.5, 6.5625],
					"texture": "#0"
				},
				"west": {
					"uv": [7.375, 13.75, 7.4375, 13.8125],
					"texture": "#0"
				},
				"up": {
					"uv": [10.5, 6.8125, 9.75, 6.75],
					"texture": "#0"
				},
				"down": {
					"uv": [10.5, 7.875, 9.75, 7.9375],
					"texture": "#0"
				}
			}
		},
		{
			"from": [5.1994, 5.98063, 14.31884],
			"to": [10.4838, 6.42099, 14.75921],
			"rotation": {
				"angle": 0,
				"axis": "y",
				"origin": [8.94252, 7.96228, 14.53903]
			},
			"faces": {
				"north": {
					"uv": [9.75, 8.125, 10.5, 8.1875],
					"texture": "#0"
				},
				"east": {
					"uv": [7.875, 13.75, 7.9375, 13.8125],
					"texture": "#0"
				},
				"south": {
					"uv": [9.75, 8.375, 10.5, 8.4375],
					"texture": "#0"
				},
				"west": {
					"uv": [8.125, 13.75, 8.1875, 13.8125],
					"texture": "#0"
				},
				"up": {
					"uv": [10.5, 8.6875, 9.75, 8.625],
					"texture": "#0"
				},
				"down": {
					"uv": [10.5, 8.875, 9.75, 8.9375],
					"texture": "#0"
				}
			}
		},
		{
			"from": [4.97921, 6.64118, 3.75004],
			"to": [10.70399, 7.08154, 9.91517],
			"rotation": {
				"angle": 0,
				"axis": "y",
				"origin": [9.60307, 11.92558, 17.84178]
			},
			"faces": {
				"north": {
					"uv": [5.5, 3.875, 6.3125, 4.0625],
					"texture": "#0"
				},
				"east": {
					"uv": [3.5, 5.375, 4.375, 5.5625],
					"texture": "#0"
				},
				"south": {
					"uv": [5.5, 4.25, 6.3125, 4.4375],
					"texture": "#0"
				},
				"west": {
					"uv": [4.5, 5.375, 5.375, 5.5625],
					"texture": "#0"
				},
				"up": {
					"uv": [3.5625, 3.625, 2.75, 2.75],
					"texture": "#0"
				},
				"down": {
					"uv": [0.8125, 3, 0, 3.875],
					"texture": "#0"
				}
			}
		},
		{
			"from": [5.41958, 11.99768, 11.7666],
			"to": [10.26362, 12.43804, 12.20697],
			"rotation": {
				"angle": 22.5,
				"axis": "x",
				"origin": [7.8416, 12.21786, 11.98678]
			},
			"faces": {
				"north": {
					"uv": [11.75, 1.625, 12.4375, 1.6875],
					"texture": "#0"
				},
				"east": {
					"uv": [13.75, 8.125, 13.8125, 8.1875],
					"texture": "#0"
				},
				"south": {
					"uv": [11.75, 2.625, 12.4375, 2.6875],
					"texture": "#0"
				},
				"west": {
					"uv": [8.375, 13.75, 8.4375, 13.8125],
					"texture": "#0"
				},
				"up": {
					"uv": [12.4375, 2.9375, 11.75, 2.875],
					"texture": "#0"
				},
				"down": {
					"uv": [3.8125, 11.75, 3.125, 11.8125],
					"texture": "#0"
				}
			}
		},
		{
			"from": [5.41958, 10.23621, 11.7666],
			"to": [10.26362, 10.67658, 12.20697],
			"rotation": {
				"angle": 22.5,
				"axis": "x",
				"origin": [7.8416, 12.21786, 11.98678]
			},
			"faces": {
				"north": {
					"uv": [11.75, 3.125, 12.4375, 3.1875],
					"texture": "#0"
				},
				"east": {
					"uv": [13.75, 8.375, 13.8125, 8.4375],
					"texture": "#0"
				},
				"south": {
					"uv": [11.75, 3.375, 12.4375, 3.4375],
					"texture": "#0"
				},
				"west": {
					"uv": [8.625, 13.75, 8.6875, 13.8125],
					"texture": "#0"
				},
				"up": {
					"uv": [12.4375, 3.6875, 11.75, 3.625],
					"texture": "#0"
				},
				"down": {
					"uv": [12.4375, 3.875, 11.75, 3.9375],
					"texture": "#0"
				}
			}
		},
		{
			"from": [5.41958, 8.47474, 11.7666],
			"to": [10.26362, 8.91511, 12.20697],
			"rotation": {
				"angle": 22.5,
				"axis": "x",
				"origin": [7.8416, 12.21786, 11.98678]
			},
			"faces": {
				"north": {
					"uv": [11.75, 4.875, 12.4375, 4.9375],
					"texture": "#0"
				},
				"east": {
					"uv": [13.75, 8.625, 13.8125, 8.6875],
					"texture": "#0"
				},
				"south": {
					"uv": [11.75, 5.125, 12.4375, 5.1875],
					"texture": "#0"
				},
				"west": {
					"uv": [8.875, 13.75, 8.9375, 13.8125],
					"texture": "#0"
				},
				"up": {
					"uv": [12.4375, 5.4375, 11.75, 5.375],
					"texture": "#0"
				},
				"down": {
					"uv": [12.4375, 5.625, 11.75, 5.6875],
					"texture": "#0"
				}
			}
		},
		{
			"from": [5.41958, 6.71327, 11.7666],
			"to": [10.26362, 7.15364, 12.20697],
			"rotation": {
				"angle": 22.5,
				"axis": "x",
				"origin": [7.8416, 12.21786, 11.98678]
			},
			"faces": {
				"north": {
					"uv": [11.75, 5.875, 12.4375, 5.9375],
					"texture": "#0"
				},
				"east": {
					"uv": [13.75, 8.875, 13.8125, 8.9375],
					"texture": "#0"
				},
				"south": {
					"uv": [11.75, 6.125, 12.4375, 6.1875],
					"texture": "#0"
				},
				"west": {
					"uv": [9.125, 13.75, 9.1875, 13.8125],
					"texture": "#0"
				},
				"up": {
					"uv": [12.4375, 6.4375, 11.75, 6.375],
					"texture": "#0"
				},
				"down": {
					"uv": [12.4375, 7.5, 11.75, 7.5625],
					"texture": "#0"
				}
			}
		},
		{
			"from": [10.26362, 6.42375, 11.00826],
			"to": [10.70399, 12.58889, 11.44863],
			"rotation": {
				"angle": 22.5,
				"axis": "x",
				"origin": [10.4838, 10.38705, 11.22844]
			},
			"faces": {
				"north": {
					"uv": [5.875, 9.125, 5.9375, 10],
					"texture": "#0"
				},
				"east": {
					"uv": [7.5, 9.125, 7.5625, 10],
					"texture": "#0"
				},
				"south": {
					"uv": [7.75, 9.125, 7.8125, 10],
					"texture": "#0"
				},
				"west": {
					"uv": [9.125, 9, 9.1875, 9.875],
					"texture": "#0"
				},
				"up": {
					"uv": [13.8125, 9.1875, 13.75, 9.125],
					"texture": "#0"
				},
				"down": {
					"uv": [9.4375, 13.75, 9.375, 13.8125],
					"texture": "#0"
				}
			}
		},
		{
			"from": [4.97921, 6.49079, 10.67121],
			"to": [5.41958, 12.65593, 11.11158],
			"rotation": {
				"angle": 22.5,
				"axis": "x",
				"origin": [5.1994, 9.57336, 10.8914]
			},
			"faces": {
				"north": {
					"uv": [2.125, 9.25, 2.1875, 10.125],
					"texture": "#0"
				},
				"east": {
					"uv": [2.375, 9.25, 2.4375, 10.125],
					"texture": "#0"
				},
				"south": {
					"uv": [2.625, 9.25, 2.6875, 10.125],
					"texture": "#0"
				},
				"west": {
					"uv": [2.875, 9.25, 2.9375, 10.125],
					"texture": "#0"
				},
				"up": {
					"uv": [13.8125, 9.4375, 13.75, 9.375],
					"texture": "#0"
				},
				"down": {
					"uv": [9.6875, 13.75, 9.625, 13.8125],
					"texture": "#0"
				}
			}
		},
		{
			"from": [6.74068, 6.49079, 10.67121],
			"to": [7.18105, 12.21556, 11.11158],
			"rotation": {
				"angle": 22.5,
				"axis": "x",
				"origin": [6.96087, 9.57336, 10.8914]
			},
			"faces": {
				"north": {
					"uv": [0.625, 9.375, 0.6875, 10.1875],
					"texture": "#0"
				},
				"east": {
					"uv": [0.875, 9.625, 0.9375, 10.4375],
					"texture": "#0"
				},
				"south": {
					"uv": [3.125, 9.625, 3.1875, 10.4375],
					"texture": "#0"
				},
				"west": {
					"uv": [3.375, 9.625, 3.4375, 10.4375],
					"texture": "#0"
				},
				"up": {
					"uv": [9.9375, 13.8125, 9.875, 13.75],
					"texture": "#0"
				},
				"down": {
					"uv": [13.8125, 9.875, 13.75, 9.9375],
					"texture": "#0"
				}
			}
		},
		{
			"from": [8.50215, 6.49079, 10.67121],
			"to": [8.94252, 12.21556, 11.11158],
			"rotation": {
				"angle": 22.5,
				"axis": "x",
				"origin": [8.72233, 9.57336, 10.8914]
			},
			"faces": {
				"north": {
					"uv": [3.625, 9.625, 3.6875, 10.4375],
					"texture": "#0"
				},
				"east": {
					"uv": [6.75, 9.625, 6.8125, 10.4375],
					"texture": "#0"
				},
				"south": {
					"uv": [0.25, 9.75, 0.3125, 10.5625],
					"texture": "#0"
				},
				"west": {
					"uv": [9.75, 1.875, 9.8125, 2.6875],
					"texture": "#0"
				},
				"up": {
					"uv": [10.9375, 13.8125, 10.875, 13.75],
					"texture": "#0"
				},
				"down": {
					"uv": [11.1875, 13.75, 11.125, 13.8125],
					"texture": "#0"
				}
			}
		},
		{
			"from": [5.1994, 4.87971, 4.1904],
			"to": [10.4838, 6.64118, 9.47481],
			"rotation": {
				"angle": 0,
				"axis": "y",
				"origin": [9.60307, 12.80631, 17.40141]
			},
			"faces": {
				"north": {
					"uv": [4.875, 3.375, 5.625, 3.75],
					"texture": "#0"
				},
				"east": {
					"uv": [3.5, 4.875, 4.25, 5.25],
					"texture": "#0"
				},
				"south": {
					"uv": [4.375, 4.875, 5.125, 5.25],
					"texture": "#0"
				},
				"west": {
					"uv": [5, 0, 5.75, 0.375],
					"texture": "#0"
				},
				"up": {
					"uv": [1.75, 4.375, 1, 3.625],
					"texture": "#0"
				},
				"down": {
					"uv": [2.625, 3.625, 1.875, 4.375],
					"texture": "#0"
				}
			}
		},
		{
			"from": [10.00566, 4.87971, 11.9346],
			"to": [10.44603, 9.28338, 12.81533],
			"rotation": {
				"angle": 0,
				"axis": "y",
				"origin": [10.10239, 5.32008, 12.07694]
			},
			"faces": {
				"north": {
					"uv": [0.5, 11.875, 0.5625, 12.5],
					"texture": "#0"
				},
				"east": {
					"uv": [6.625, 6.375, 6.75, 7],
					"texture": "#0"
				},
				"south": {
					"uv": [7.625, 11.875, 7.6875, 12.5],
					"texture": "#0"
				},
				"west": {
					"uv": [1.125, 6.75, 1.25, 7.375],
					"texture": "#0"
				},
				"up": {
					"uv": [4.9375, 13.375, 4.875, 13.25],
					"texture": "#0"
				},
				"down": {
					"uv": [6.1875, 13.25, 6.125, 13.375],
					"texture": "#0"
				}
			}
		},
		{
			"from": [8.56664, 8.99871, 11.9346],
			"to": [9.007, 9.87944, 12.81533],
			"rotation": {
				"angle": -45,
				"axis": "z",
				"origin": [8.78682, 9.43908, 12.37497]
			},
			"faces": {
				"north": {
					"uv": [7.375, 13.25, 7.4375, 13.375],
					"texture": "#0"
				},
				"east": {
					"uv": [7.375, 12.75, 7.5, 12.875],
					"texture": "#0"
				},
				"south": {
					"uv": [8.875, 13.25, 8.9375, 13.375],
					"texture": "#0"
				},
				"west": {
					"uv": [7.875, 12.75, 8, 12.875],
					"texture": "#0"
				},
				"up": {
					"uv": [9.1875, 13.375, 9.125, 13.25],
					"texture": "#0"
				},
				"down": {
					"uv": [9.4375, 13.25, 9.375, 13.375],
					"texture": "#0"
				}
			}
		},
		{
			"from": [8.94252, 8.54575, 11.09533],
			"to": [9.82325, 9.42648, 11.5357],
			"rotation": {
				"angle": 45,
				"axis": "x",
				"origin": [9.38288, 8.65323, 12.09399]
			},
			"faces": {
				"north": {
					"uv": [8.125, 12.75, 8.25, 12.875],
					"texture": "#0"
				},
				"east": {
					"uv": [9.625, 13.25, 9.6875, 13.375],
					"texture": "#0"
				},
				"south": {
					"uv": [8.875, 12.75, 9, 12.875],
					"texture": "#0"
				},
				"west": {
					"uv": [9.875, 13.25, 9.9375, 13.375],
					"texture": "#0"
				},
				"up": {
					"uv": [10.25, 13.3125, 10.125, 13.25],
					"texture": "#0"
				},
				"down": {
					"uv": [10.5, 13.25, 10.375, 13.3125],
					"texture": "#0"
				}
			}
		},
		{
			"from": [9.75876, 8.99871, 11.9346],
			"to": [10.19913, 9.87944, 12.81533],
			"rotation": {
				"angle": 45,
				"axis": "z",
				"origin": [9.97895, 9.43908, 12.37497]
			},
			"faces": {
				"north": {
					"uv": [10.875, 13.25, 10.9375, 13.375],
					"texture": "#0"
				},
				"east": {
					"uv": [9.125, 12.75, 9.25, 12.875],
					"texture": "#0"
				},
				"south": {
					"uv": [11.125, 13.25, 11.1875, 13.375],
					"texture": "#0"
				},
				"west": {
					"uv": [9.375, 12.75, 9.5, 12.875],
					"texture": "#0"
				},
				"up": {
					"uv": [11.4375, 13.375, 11.375, 13.25],
					"texture": "#0"
				},
				"down": {
					"uv": [11.6875, 13.25, 11.625, 13.375],
					"texture": "#0"
				}
			}
		},
		{
			"from": [8.94252, 8.14837, 13.04964],
			"to": [9.82325, 9.0291, 13.49001],
			"rotation": {
				"angle": -45,
				"axis": "x",
				"origin": [9.38288, 8.65323, 12.09399]
			},
			"faces": {
				"north": {
					"uv": [9.625, 12.75, 9.75, 12.875],
					"texture": "#0"
				},
				"east": {
					"uv": [11.875, 13.25, 11.9375, 13.375],
					"texture": "#0"
				},
				"south": {
					"uv": [9.875, 12.75, 10, 12.875],
					"texture": "#0"
				},
				"west": {
					"uv": [12.125, 13.25, 12.1875, 13.375],
					"texture": "#0"
				},
				"up": {
					"uv": [12.5, 13.3125, 12.375, 13.25],
					"texture": "#0"
				},
				"down": {
					"uv": [0.125, 13.375, 0, 13.4375],
					"texture": "#0"
				}
			}
		},
		{
			"from": [8.31974, 4.87971, 11.9346],
			"to": [8.76011, 9.28338, 12.81533],
			"rotation": {
				"angle": 0,
				"axis": "y",
				"origin": [8.87411, 5.32008, 12.16423]
			},
			"faces": {
				"north": {
					"uv": [11.25, 11.875, 11.3125, 12.5],
					"texture": "#0"
				},
				"east": {
					"uv": [6.75, 2.5, 6.875, 3.125],
					"texture": "#0"
				},
				"south": {
					"uv": [11.875, 11.625, 11.9375, 12.25],
					"texture": "#0"
				},
				"west": {
					"uv": [3, 6.75, 3.125, 7.375],
					"texture": "#0"
				},
				"up": {
					"uv": [0.8125, 13.5, 0.75, 13.375],
					"texture": "#0"
				},
				"down": {
					"uv": [1.0625, 13.375, 1, 13.5],
					"texture": "#0"
				}
			}
		},
		{
			"from": [8.94252, 4.87971, 11.31183],
			"to": [9.82325, 9.28338, 11.7522],
			"rotation": {
				"angle": 0,
				"axis": "y",
				"origin": [9.38288, 8.65323, 12.09399]
			},
			"faces": {
				"north": {
					"uv": [3.25, 6.75, 3.375, 7.375],
					"texture": "#0"
				},
				"east": {
					"uv": [3.125, 12, 3.1875, 12.625],
					"texture": "#0"
				},
				"south": {
					"uv": [3.5, 6.75, 3.625, 7.375],
					"texture": "#0"
				},
				"west": {
					"uv": [3.375, 12, 3.4375, 12.625],
					"texture": "#0"
				},
				"up": {
					"uv": [1.375, 13.4375, 1.25, 13.375],
					"texture": "#0"
				},
				"down": {
					"uv": [1.625, 13.375, 1.5, 13.4375],
					"texture": "#0"
				}
			}
		},
		{
			"from": [8.94252, 4.87971, 12.99774],
			"to": [9.82325, 9.28338, 13.43811],
			"rotation": {
				"angle": 0,
				"axis": "y",
				"origin": [9.68092, 5.32008, 13.09447]
			},
			"faces": {
				"north": {
					"uv": [3.75, 6.75, 3.875, 7.375],
					"texture": "#0"
				},
				"east": {
					"uv": [3.625, 12, 3.6875, 12.625],
					"texture": "#0"
				},
				"south": {
					"uv": [0.75, 6.875, 0.875, 7.5],
					"texture": "#0"
				},
				"west": {
					"uv": [3.875, 12, 3.9375, 12.625],
					"texture": "#0"
				},
				"up": {
					"uv": [1.875, 13.4375, 1.75, 13.375],
					"texture": "#0"
				},
				"down": {
					"uv": [2.125, 13.375, 2, 13.4375],
					"texture": "#0"
				}
			}
		},
		{
			"from": [8.94252, 9.01916, 11.9347],
			"to": [9.82325, 10.12008, 12.81543],
			"rotation": {
				"angle": 0,
				"axis": "y",
				"origin": [8.87411, 4.43934, 12.96941]
			},
			"faces": {
				"north": {
					"uv": [6.375, 12.25, 6.5, 12.40625],
					"texture": "#0"
				},
				"east": {
					"uv": [12.375, 11.125, 12.5, 11.28125],
					"texture": "#0"
				},
				"south": {
					"uv": [11.75, 12.375, 11.875, 12.53125],
					"texture": "#0"
				},
				"west": {
					"uv": [12, 12.375, 12.125, 12.53125],
					"texture": "#0"
				},
				"up": {
					"uv": [10.25, 12.875, 10.125, 12.75],
					"texture": "#0"
				},
				"down": {
					"uv": [10.5, 12.75, 10.375, 12.875],
					"texture": "#0"
				}
			}
		},
		{
			"from": [9.29481, 10.12008, 12.28699],
			"to": [9.47096, 10.47237, 12.46314],
			"rotation": {
				"angle": 0,
				"axis": "y",
				"origin": [8.87411, 4.43934, 12.96941]
			},
			"faces": {
				"north": {
					"uv": [0.5, 14, 0.53125, 14.0625],
					"texture": "#0"
				},
				"east": {
					"uv": [14, 0.5, 14.03125, 0.5625],
					"texture": "#0"
				},
				"south": {
					"uv": [14, 0.75, 14.03125, 0.8125],
					"texture": "#0"
				},
				"west": {
					"uv": [1, 14, 1.03125, 14.0625],
					"texture": "#0"
				},
				"up": {
					"uv": [5.53125, 14.03125, 5.5, 14],
					"texture": "#0"
				},
				"down": {
					"uv": [14.03125, 5.625, 14, 5.65625],
					"texture": "#0"
				}
			}
		},
		{
			"from": [9.20674, 10.47237, 11.97873],
			"to": [9.55903, 10.56044, 12.77139],
			"rotation": {
				"angle": 0,
				"axis": "y",
				"origin": [8.87411, 4.43934, 12.96941]
			},
			"faces": {
				"north": {
					"uv": [14, 1, 14.0625, 1.03125],
					"texture": "#0"
				},
				"east": {
					"uv": [11.375, 13.75, 11.5, 13.78125],
					"texture": "#0"
				},
				"south": {
					"uv": [1.25, 14, 1.3125, 14.03125],
					"texture": "#0"
				},
				"west": {
					"uv": [11.625, 13.75, 11.75, 13.78125],
					"texture": "#0"
				},
				"up": {
					"uv": [2.3125, 13.5, 2.25, 13.375],
					"texture": "#0"
				},
				"down": {
					"uv": [2.5625, 13.375, 2.5, 13.5],
					"texture": "#0"
				}
			}
		},
		{
			"from": [8.98655, 10.47237, 12.19892],
			"to": [9.77921, 10.56044, 12.55121],
			"rotation": {
				"angle": 0,
				"axis": "y",
				"origin": [9.38288, 10.51641, 12.37506]
			},
			"faces": {
				"north": {
					"uv": [13.75, 12.875, 13.875, 12.90625],
					"texture": "#0"
				},
				"east": {
					"uv": [14, 1.25, 14.0625, 1.28125],
					"texture": "#0"
				},
				"south": {
					"uv": [13.75, 13.5, 13.875, 13.53125],
					"texture": "#0"
				},
				"west": {
					"uv": [14, 1.5, 14.0625, 1.53125],
					"texture": "#0"
				},
				"up": {
					"uv": [2.875, 13.4375, 2.75, 13.375],
					"texture": "#0"
				},
				"down": {
					"uv": [13.5, 2.875, 13.375, 2.9375],
					"texture": "#0"
				}
			}
		},
		{
			"from": [9.36399, 4.87971, 11.73331],
			"to": [10.24473, 9.28338, 12.17367],
			"rotation": {
				"angle": -45,
				"axis": "y",
				"origin": [10.10239, 5.32008, 12.07694]
			},
			"faces": {
				"north": {
					"uv": [6.875, 0.75, 7, 1.375],
					"texture": "#0"
				},
				"east": {
					"uv": [4.125, 12, 4.1875, 12.625],
					"texture": "#0"
				},
				"south": {
					"uv": [6.875, 1.5, 7, 2.125],
					"texture": "#0"
				},
				"west": {
					"uv": [12, 4.125, 12.0625, 4.75],
					"texture": "#0"
				},
				"up": {
					"uv": [3.125, 13.4375, 3, 13.375],
					"texture": "#0"
				},
				"down": {
					"uv": [13.5, 3.125, 13.375, 3.1875],
					"texture": "#0"
				}
			}
		},
		{
			"from": [8.02171, 4.87971, 12.23263],
			"to": [8.46208, 9.28338, 13.11337],
			"rotation": {
				"angle": 45,
				"axis": "y",
				"origin": [8.87411, 5.32008, 12.16423]
			},
			"faces": {
				"north": {
					"uv": [4.375, 12, 4.4375, 12.625],
					"texture": "#0"
				},
				"east": {
					"uv": [6.875, 3.25, 7, 3.875],
					"texture": "#0"
				},
				"south": {
					"uv": [4.625, 12, 4.6875, 12.625],
					"texture": "#0"
				},
				"west": {
					"uv": [6.875, 4, 7, 4.625],
					"texture": "#0"
				},
				"up": {
					"uv": [6.4375, 13.5, 6.375, 13.375],
					"texture": "#0"
				},
				"down": {
					"uv": [6.6875, 13.375, 6.625, 13.5],
					"texture": "#0"
				}
			}
		},
		{
			"from": [9.58418, 4.87971, 12.35608],
			"to": [10.02454, 9.28338, 13.23682],
			"rotation": {
				"angle": -45,
				"axis": "y",
				"origin": [9.68092, 5.32008, 13.09447]
			},
			"faces": {
				"north": {
					"uv": [12, 6.625, 12.0625, 7.25],
					"texture": "#0"
				},
				"east": {
					"uv": [6.125, 6.875, 6.25, 7.5],
					"texture": "#0"
				},
				"south": {
					"uv": [7.125, 12, 7.1875, 12.625],
					"texture": "#0"
				},
				"west": {
					"uv": [6.375, 6.875, 6.5, 7.5],
					"texture": "#0"
				},
				"up": {
					"uv": [7.6875, 13.5, 7.625, 13.375],
					"texture": "#0"
				},
				"down": {
					"uv": [13.4375, 10.25, 13.375, 10.375],
					"texture": "#0"
				}
			}
		},
		{
			"from": [8.64449, 4.87971, 11.60986],
			"to": [9.52522, 9.28338, 12.05022],
			"rotation": {
				"angle": 45,
				"axis": "y",
				"origin": [8.87411, 5.32008, 12.16423]
			},
			"faces": {
				"north": {
					"uv": [6.875, 6.375, 7, 7],
					"texture": "#0"
				},
				"east": {
					"uv": [7.375, 12, 7.4375, 12.625],
					"texture": "#0"
				},
				"south": {
					"uv": [1.375, 7, 1.5, 7.625],
					"texture": "#0"
				},
				"west": {
					"uv": [7.875, 12, 7.9375, 12.625],
					"texture": "#0"
				},
				"up": {
					"uv": [13.5, 10.5625, 13.375, 10.5],
					"texture": "#0"
				},
				"down": {
					"uv": [10.75, 13.375, 10.625, 13.4375],
					"texture": "#0"
				}
			}
		},
		{
			"from": [5.23717, 4.87971, 11.9346],
			"to": [5.67754, 9.28338, 12.81533],
			"rotation": {
				"angle": 0,
				"axis": "y",
				"origin": [5.58081, 5.32008, 12.07694]
			},
			"faces": {
				"north": {
					"uv": [8.125, 12, 8.1875, 12.625],
					"texture": "#0"
				},
				"east": {
					"uv": [7, 2.25, 7.125, 2.875],
					"texture": "#0"
				},
				"south": {
					"uv": [12, 8.5, 12.0625, 9.125],
					"texture": "#0"
				},
				"west": {
					"uv": [7.125, 0.75, 7.25, 1.375],
					"texture": "#0"
				},
				"up": {
					"uv": [3.8125, 13.625, 3.75, 13.5],
					"texture": "#0"
				},
				"down": {
					"uv": [13.5625, 3.875, 13.5, 4],
					"texture": "#0"
				}
			}
		},
		{
			"from": [6.6762, 8.99871, 11.9346],
			"to": [7.11656, 9.87944, 12.81533],
			"rotation": {
				"angle": 45,
				"axis": "z",
				"origin": [6.89638, 9.43908, 12.37497]
			},
			"faces": {
				"north": {
					"uv": [4, 13.5, 4.0625, 13.625],
					"texture": "#0"
				},
				"east": {
					"uv": [12.75, 10.875, 12.875, 11],
					"texture": "#0"
				},
				"south": {
					"uv": [4.25, 13.5, 4.3125, 13.625],
					"texture": "#0"
				},
				"west": {
					"uv": [11.375, 12.75, 11.5, 12.875],
					"texture": "#0"
				},
				"up": {
					"uv": [4.5625, 13.625, 4.5, 13.5],
					"texture": "#0"
				},
				"down": {
					"uv": [4.8125, 13.5, 4.75, 13.625],
					"texture": "#0"
				}
			}
		},
		{
			"from": [5.85995, 8.54575, 11.09533],
			"to": [6.74068, 9.42648, 11.5357],
			"rotation": {
				"angle": 45,
				"axis": "x",
				"origin": [6.30032, 8.65323, 12.09399]
			},
			"faces": {
				"north": {
					"uv": [11.625, 12.75, 11.75, 12.875],
					"texture": "#0"
				},
				"east": {
					"uv": [13.5, 4.75, 13.5625, 4.875],
					"texture": "#0"
				},
				"south": {
					"uv": [11.875, 12.75, 12, 12.875],
					"texture": "#0"
				},
				"west": {
					"uv": [5, 13.5, 5.0625, 13.625],
					"texture": "#0"
				},
				"up": {
					"uv": [13.625, 5.0625, 13.5, 5],
					"texture": "#0"
				},
				"down": {
					"uv": [5.375, 13.5, 5.25, 13.5625],
					"texture": "#0"
				}
			}
		},
		{
			"from": [5.48407, 8.99871, 11.9346],
			"to": [5.92444, 9.87944, 12.81533],
			"rotation": {
				"angle": -45,
				"axis": "z",
				"origin": [5.70425, 9.43908, 12.37497]
			},
			"faces": {
				"north": {
					"uv": [13.5, 5.25, 13.5625, 5.375],
					"texture": "#0"
				},
				"east": {
					"uv": [12.125, 12.75, 12.25, 12.875],
					"texture": "#0"
				},
				"south": {
					"uv": [5.5, 13.5, 5.5625, 13.625],
					"texture": "#0"
				},
				"west": {
					"uv": [12.375, 12.75, 12.5, 12.875],
					"texture": "#0"
				},
				"up": {
					"uv": [13.5625, 5.625, 13.5, 5.5],
					"texture": "#0"
				},
				"down": {
					"uv": [5.8125, 13.5, 5.75, 13.625],
					"texture": "#0"
				}
			}
		},
		{
			"from": [5.85995, 8.14837, 13.04964],
			"to": [6.74068, 9.0291, 13.49001],
			"rotation": {
				"angle": -45,
				"axis": "x",
				"origin": [6.30032, 8.65323, 12.09399]
			},
			"faces": {
				"north": {
					"uv": [12.75, 12.375, 12.875, 12.5],
					"texture": "#0"
				},
				"east": {
					"uv": [13.5, 5.75, 13.5625, 5.875],
					"texture": "#0"
				},
				"south": {
					"uv": [12.625, 12.75, 12.75, 12.875],
					"texture": "#0"
				},
				"west": {
					"uv": [6, 13.5, 6.0625, 13.625],
					"texture": "#0"
				},
				"up": {
					"uv": [13.625, 6.3125, 13.5, 6.25],
					"texture": "#0"
				},
				"down": {
					"uv": [13.625, 6.5, 13.5, 6.5625],
					"texture": "#0"
				}
			}
		},
		{
			"from": [6.92309, 4.87971, 11.9346],
			"to": [7.36346, 9.28338, 12.81533],
			"rotation": {
				"angle": 0,
				"axis": "y",
				"origin": [6.80909, 5.32008, 12.16423]
			},
			"faces": {
				"north": {
					"uv": [8.875, 12, 8.9375, 12.625],
					"texture": "#0"
				},
				"east": {
					"uv": [7.125, 1.5, 7.25, 2.125],
					"texture": "#0"
				},
				"south": {
					"uv": [9.125, 12, 9.1875, 12.625],
					"texture": "#0"
				},
				"west": {
					"uv": [7.125, 3, 7.25, 3.625],
					"texture": "#0"
				},
				"up": {
					"uv": [6.9375, 13.625, 6.875, 13.5],
					"texture": "#0"
				},
				"down": {
					"uv": [7.1875, 13.5, 7.125, 13.625],
					"texture": "#0"
				}
			}
		},
		{
			"from": [5.85995, 4.87971, 11.31183],
			"to": [6.74068, 9.28338, 11.7522],
			"rotation": {
				"angle": 0,
				"axis": "y",
				"origin": [6.30032, 8.65323, 12.09399]
			},
			"faces": {
				"north": {
					"uv": [7.125, 3.75, 7.25, 4.375],
					"texture": "#0"
				},
				"east": {
					"uv": [12, 9.25, 12.0625, 9.875],
					"texture": "#0"
				},
				"south": {
					"uv": [4, 7.125, 4.125, 7.75],
					"texture": "#0"
				},
				"west": {
					"uv": [9.375, 12, 9.4375, 12.625],
					"texture": "#0"
				},
				"up": {
					"uv": [13.625, 7.3125, 13.5, 7.25],
					"texture": "#0"
				},
				"down": {
					"uv": [7.5, 13.5, 7.375, 13.5625],
					"texture": "#0"
				}
			}
		},
		{
			"from": [5.85995, 4.87971, 12.99774],
			"to": [6.74068, 9.28338, 13.43811],
			"rotation": {
				"angle": 0,
				"axis": "y",
				"origin": [6.00228, 5.32008, 13.09447]
			},
			"faces": {
				"north": {
					"uv": [4.25, 7.125, 4.375, 7.75],
					"texture": "#0"
				},
				"east": {
					"uv": [9.625, 12, 9.6875, 12.625],
					"texture": "#0"
				},
				"south": {
					"uv": [4.5, 7.125, 4.625, 7.75],
					"texture": "#0"
				},
				"west": {
					"uv": [9.875, 12, 9.9375, 12.625],
					"texture": "#0"
				},
				"up": {
					"uv": [8, 13.5625, 7.875, 13.5],
					"texture": "#0"
				},
				"down": {
					"uv": [8.25, 13.5, 8.125, 13.5625],
					"texture": "#0"
				}
			}
		},
		{
			"from": [5.85995, 9.01916, 11.9347],
			"to": [6.74068, 10.12008, 12.81543],
			"rotation": {
				"angle": 0,
				"axis": "y",
				"origin": [6.80909, 4.43934, 12.96941]
			},
			"faces": {
				"north": {
					"uv": [12.25, 12.375, 12.375, 12.53125],
					"texture": "#0"
				},
				"east": {
					"uv": [12.5, 0.75, 12.625, 0.90625],
					"texture": "#0"
				},
				"south": {
					"uv": [6.625, 12.5, 6.75, 12.65625],
					"texture": "#0"
				},
				"west": {
					"uv": [6.875, 12.5, 7, 12.65625],
					"texture": "#0"
				},
				"up": {
					"uv": [0.125, 13, 0, 12.875],
					"texture": "#0"
				},
				"down": {
					"uv": [0.375, 12.875, 0.25, 13],
					"texture": "#0"
				}
			}
		},
		{
			"from": [6.21224, 10.12008, 12.28699],
			"to": [6.38839, 10.47237, 12.46314],
			"rotation": {
				"angle": 0,
				"axis": "y",
				"origin": [6.80909, 4.43934, 12.96941]
			},
			"faces": {
				"north": {
					"uv": [14, 1.75, 14.03125, 1.8125],
					"texture": "#0"
				},
				"east": {
					"uv": [1.875, 14, 1.90625, 14.0625],
					"texture": "#0"
				},
				"south": {
					"uv": [14, 2.25, 14.03125, 2.3125],
					"texture": "#0"
				},
				"west": {
					"uv": [14, 2.5, 14.03125, 2.5625],
					"texture": "#0"
				},
				"up": {
					"uv": [5.78125, 14.03125, 5.75, 14],
					"texture": "#0"
				},
				"down": {
					"uv": [14.03125, 5.875, 14, 5.90625],
					"texture": "#0"
				}
			}
		},
		{
			"from": [6.12417, 10.47237, 11.97873],
			"to": [6.47646, 10.56044, 12.77139],
			"rotation": {
				"angle": 0,
				"axis": "y",
				"origin": [6.80909, 4.43934, 12.96941]
			},
			"faces": {
				"north": {
					"uv": [14, 2.75, 14.0625, 2.78125],
					"texture": "#0"
				},
				"east": {
					"uv": [10.125, 13.875, 10.25, 13.90625],
					"texture": "#0"
				},
				"south": {
					"uv": [3, 14, 3.0625, 14.03125],
					"texture": "#0"
				},
				"west": {
					"uv": [10.375, 13.875, 10.5, 13.90625],
					"texture": "#0"
				},
				"up": {
					"uv": [13.5625, 8.25, 13.5, 8.125],
					"texture": "#0"
				},
				"down": {
					"uv": [8.4375, 13.5, 8.375, 13.625],
					"texture": "#0"
				}
			}
		},
		{
			"from": [5.90399, 10.47237, 12.19892],
			"to": [6.69665, 10.56044, 12.55121],
			"rotation": {
				"angle": 0,
				"axis": "y",
				"origin": [6.30032, 10.51641, 12.37506]
			},
			"faces": {
				"north": {
					"uv": [10.625, 13.875, 10.75, 13.90625],
					"texture": "#0"
				},
				"east": {
					"uv": [14, 3, 14.0625, 3.03125],
					"texture": "#0"
				},
				"south": {
					"uv": [13.875, 10.75, 14, 10.78125],
					"texture": "#0"
				},
				"west": {
					"uv": [3.25, 14, 3.3125, 14.03125],
					"texture": "#0"
				},
				"up": {
					"uv": [13.625, 8.4375, 13.5, 8.375],
					"texture": "#0"
				},
				"down": {
					"uv": [8.75, 13.5, 8.625, 13.5625],
					"texture": "#0"
				}
			}
		},
		{
			"from": [5.43847, 4.87971, 11.73331],
			"to": [6.31921, 9.28338, 12.17367],
			"rotation": {
				"angle": 45,
				"axis": "y",
				"origin": [5.58081, 5.32008, 12.07694]
			},
			"faces": {
				"north": {
					"uv": [7.125, 4.5, 7.25, 5.125],
					"texture": "#0"
				},
				"east": {
					"uv": [10.125, 12, 10.1875, 12.625],
					"texture": "#0"
				},
				"south": {
					"uv": [4.75, 7.125, 4.875, 7.75],
					"texture": "#0"
				},
				"west": {
					"uv": [10.375, 12, 10.4375, 12.625],
					"texture": "#0"
				},
				"up": {
					"uv": [13.625, 8.6875, 13.5, 8.625],
					"texture": "#0"
				},
				"down": {
					"uv": [9, 13.5, 8.875, 13.5625],
					"texture": "#0"
				}
			}
		},
		{
			"from": [7.22112, 4.87971, 12.23263],
			"to": [7.66149, 9.28338, 13.11337],
			"rotation": {
				"angle": -45,
				"axis": "y",
				"origin": [6.80909, 5.32008, 12.16423]
			},
			"faces": {
				"north": {
					"uv": [11.5, 12, 11.5625, 12.625],
					"texture": "#0"
				},
				"east": {
					"uv": [5.375, 7.125, 5.5, 7.75],
					"texture": "#0"
				},
				"south": {
					"uv": [0, 12.125, 0.0625, 12.75],
					"texture": "#0"
				},
				"west": {
					"uv": [5.625, 7.125, 5.75, 7.75],
					"texture": "#0"
				},
				"up": {
					"uv": [13.5625, 9, 13.5, 8.875],
					"texture": "#0"
				},
				"down": {
					"uv": [9.1875, 13.5, 9.125, 13.625],
					"texture": "#0"
				}
			}
		},
		{
			"from": [5.65866, 4.87971, 12.35608],
			"to": [6.09902, 9.28338, 13.23682],
			"rotation": {
				"angle": 45,
				"axis": "y",
				"origin": [6.00228, 5.32008, 13.09447]
			},
			"faces": {
				"north": {
					"uv": [12.125, 0, 12.1875, 0.625],
					"texture": "#0"
				},
				"east": {
					"uv": [5.875, 7.125, 6, 7.75],
					"texture": "#0"
				},
				"south": {
					"uv": [0.25, 12.125, 0.3125, 12.75],
					"texture": "#0"
				},
				"west": {
					"uv": [7.125, 5.875, 7.25, 6.5],
					"texture": "#0"
				},
				"up": {
					"uv": [13.5625, 9.25, 13.5, 9.125],
					"texture": "#0"
				},
				"down": {
					"uv": [9.4375, 13.5, 9.375, 13.625],
					"texture": "#0"
				}
			}
		},
		{
			"from": [6.15798, 4.87971, 11.60986],
			"to": [7.03871, 9.28338, 12.05022],
			"rotation": {
				"angle": -45,
				"axis": "y",
				"origin": [6.80909, 5.32008, 12.16423]
			},
			"faces": {
				"north": {
					"uv": [6.625, 7.125, 6.75, 7.75],
					"texture": "#0"
				},
				"east": {
					"uv": [0.75, 12.125, 0.8125, 12.75],
					"texture": "#0"
				},
				"south": {
					"uv": [7.125, 6.625, 7.25, 7.25],
					"texture": "#0"
				},
				"west": {
					"uv": [4.875, 12.125, 4.9375, 12.75],
					"texture": "#0"
				},
				"up": {
					"uv": [13.625, 9.4375, 13.5, 9.375],
					"texture": "#0"
				},
				"down": {
					"uv": [9.75, 13.5, 9.625, 13.5625],
					"texture": "#0"
				}
			}
		},
		{
			"from": [7.40123, 4.87971, 13.43811],
			"to": [8.28197, 12.58613, 14.31884],
			"rotation": {
				"angle": 0,
				"axis": "y",
				"origin": [0.79573, 3.99898, -0.21327]
			},
			"faces": {
				"north": {
					"uv": [2.5, 5.375, 2.625, 6.46875],
					"texture": "#0"
				},
				"east": {
					"uv": [2.75, 5.375, 2.875, 6.46875],
					"texture": "#0"
				},
				"south": {
					"uv": [5.5, 5.375, 5.625, 6.46875],
					"texture": "#0"
				},
				"west": {
					"uv": [0.875, 5.625, 1, 6.71875],
					"texture": "#0"
				},
				"up": {
					"uv": [0.875, 13, 0.75, 12.875],
					"texture": "#0"
				},
				"down": {
					"uv": [13, 1.375, 12.875, 1.5],
					"texture": "#0"
				}
			}
		},
		{
			"from": [7.40123, 12.58613, 13.65829],
			"to": [8.28197, 13.46687, 13.87848],
			"rotation": {
				"angle": 0,
				"axis": "y",
				"origin": [0.79573, 3.99898, -0.21327]
			},
			"faces": {
				"north": {
					"uv": [12.875, 1.625, 13, 1.75],
					"texture": "#0"
				},
				"east": {
					"uv": [13.875, 11.5, 13.90625, 11.625],
					"texture": "#0"
				},
				"south": {
					"uv": [12.875, 2.625, 13, 2.75],
					"texture": "#0"
				},
				"west": {
					"uv": [13.875, 11.75, 13.90625, 11.875],
					"texture": "#0"
				},
				"up": {
					"uv": [12, 13.90625, 11.875, 13.875],
					"texture": "#0"
				},
				"down": {
					"uv": [14, 12, 13.875, 12.03125],
					"texture": "#0"
				}
			}
		},
		{
			"from": [4.53885, 12.27787, 13.65829],
			"to": [11.14435, 12.93842, 14.31884],
			"rotation": {
				"angle": 45,
				"axis": "x",
				"origin": [7.8416, 12.71824, 13.87848]
			},
			"faces": {
				"north": {
					"uv": [6.25, 5.375, 7.1875, 5.46875],
					"texture": "#0"
				},
				"east": {
					"uv": [10.375, 13, 10.46875, 13.09375],
					"texture": "#0"
				},
				"south": {
					"uv": [6.25, 5.625, 7.1875, 5.71875],
					"texture": "#0"
				},
				"west": {
					"uv": [11.375, 13, 11.46875, 13.09375],
					"texture": "#0"
				},
				"up": {
					"uv": [7.3125, 0.34375, 6.375, 0.25],
					"texture": "#0"
				},
				"down": {
					"uv": [7.3125, 0.5, 6.375, 0.59375],
					"texture": "#0"
				}
			}
		},
		{
			"from": [7.18105, 12.93842, 12.77756],
			"to": [8.50215, 13.15861, 15.19958],
			"rotation": {
				"angle": 45,
				"axis": "x",
				"origin": [7.8416, 12.71824, 13.87848]
			},
			"faces": {
				"north": {
					"uv": [3.25, 13.75, 3.4375, 13.78125],
					"texture": "#0"
				},
				"east": {
					"uv": [12.875, 10.375, 13.21875, 10.40625],
					"texture": "#0"
				},
				"south": {
					"uv": [13.75, 3.25, 13.9375, 3.28125],
					"texture": "#0"
				},
				"west": {
					"uv": [12.875, 10.625, 13.21875, 10.65625],
					"texture": "#0"
				},
				"up": {
					"uv": [0.1875, 7.59375, 0, 7.25],
					"texture": "#0"
				},
				"down": {
					"uv": [0.5625, 7.25, 0.375, 7.59375],
					"texture": "#0"
				}
			}
		},
		{
			"from": [3.8783, 12.93842, 13.43811],
			"to": [4.53885, 13.15861, 14.53903],
			"rotation": {
				"angle": 45,
				"axis": "x",
				"origin": [7.8416, 12.71824, 13.87848]
			},
			"faces": {
				"north": {
					"uv": [13, 13.875, 13.09375, 13.90625],
					"texture": "#0"
				},
				"east": {
					"uv": [4.875, 13.75, 5.03125, 13.78125],
					"texture": "#0"
				},
				"south": {
					"uv": [13.875, 13.125, 13.96875, 13.15625],
					"texture": "#0"
				},
				"west": {
					"uv": [13.75, 4.875, 13.90625, 4.90625],
					"texture": "#0"
				},
				"up": {
					"uv": [4.96875, 13.03125, 4.875, 12.875],
					"texture": "#0"
				},
				"down": {
					"uv": [6.21875, 12.875, 6.125, 13.03125],
					"texture": "#0"
				}
			}
		},
		{
			"from": [4.09848, 12.45245, 13.5482],
			"to": [4.53885, 12.89282, 14.20875],
			"rotation": {
				"angle": 45,
				"axis": "x",
				"origin": [4.20857, 12.56255, 13.87848]
			},
			"faces": {
				"north": {
					"uv": [12.125, 13.875, 12.1875, 13.9375],
					"texture": "#0"
				},
				"east": {
					"uv": [13.75, 3.5, 13.84375, 3.5625],
					"texture": "#0"
				},
				"south": {
					"uv": [13.875, 12.25, 13.9375, 12.3125],
					"texture": "#0"
				},
				"west": {
					"uv": [3.625, 13.75, 3.71875, 13.8125],
					"texture": "#0"
				},
				"up": {
					"uv": [13.8125, 3.84375, 13.75, 3.75],
					"texture": "#0"
				},
				"down": {
					"uv": [3.9375, 13.75, 3.875, 13.84375],
					"texture": "#0"
				}
			}
		},
		{
			"from": [11.14435, 12.45245, 13.5482],
			"to": [11.58472, 12.89282, 14.20875],
			"rotation": {
				"angle": 45,
				"axis": "x",
				"origin": [4.20857, 12.56255, 13.87848]
			},
			"faces": {
				"north": {
					"uv": [13.875, 12.5, 13.9375, 12.5625],
					"texture": "#0"
				},
				"east": {
					"uv": [4.125, 13.75, 4.21875, 13.8125],
					"texture": "#0"
				},
				"south": {
					"uv": [12.75, 13.875, 12.8125, 13.9375],
					"texture": "#0"
				},
				"west": {
					"uv": [4.375, 13.75, 4.46875, 13.8125],
					"texture": "#0"
				},
				"up": {
					"uv": [4.6875, 13.84375, 4.625, 13.75],
					"texture": "#0"
				},
				"down": {
					"uv": [13.8125, 4.625, 13.75, 4.71875],
					"texture": "#0"
				}
			}
		},
		{
			"from": [11.14435, 12.93842, 13.43811],
			"to": [11.8049, 13.15861, 14.53903],
			"rotation": {
				"angle": 45,
				"axis": "x",
				"origin": [7.8416, 12.71824, 13.87848]
			},
			"faces": {
				"north": {
					"uv": [13.25, 13.875, 13.34375, 13.90625],
					"texture": "#0"
				},
				"east": {
					"uv": [13.75, 5.125, 13.90625, 5.15625],
					"texture": "#0"
				},
				"south": {
					"uv": [13.5, 13.875, 13.59375, 13.90625],
					"texture": "#0"
				},
				"west": {
					"uv": [5.25, 13.75, 5.40625, 13.78125],
					"texture": "#0"
				},
				"up": {
					"uv": [12.96875, 7.53125, 12.875, 7.375],
					"texture": "#0"
				},
				"down": {
					"uv": [12.96875, 8.25, 12.875, 8.40625],
					"texture": "#0"
				}
			}
		},
		{
			"from": [3.08564, 13.15861, 12.11701],
			"to": [12.55353, 13.37879, 16.08031],
			"rotation": {
				"angle": 45,
				"axis": "x",
				"origin": [7.8416, 12.71824, 13.87848]
			},
			"faces": {
				"north": {
					"uv": [11.75, 7.75, 13.09375, 7.78125],
					"texture": "#0"
				},
				"east": {
					"uv": [12.625, 3, 13.1875, 3.03125],
					"texture": "#0"
				},
				"south": {
					"uv": [11.75, 8, 13.09375, 8.03125],
					"texture": "#0"
				},
				"west": {
					"uv": [12.625, 3.25, 13.1875, 3.28125],
					"texture": "#0"
				},
				"up": {
					"uv": [2.96875, 2.5625, 1.625, 2],
					"texture": "#0"
				},
				"down": {
					"uv": [4.09375, 0, 2.75, 0.5625],
					"texture": "#0"
				}
			}
		},
		{
			"from": [11.58472, 4.87971, 4.85095],
			"to": [12.02509, 5.76044, 5.29132],
			"rotation": {
				"angle": 0,
				"axis": "y",
				"origin": [14.88747, 3.99898, 0.66747]
			},
			"faces": {
				"north": {
					"uv": [13.375, 11.125, 13.4375, 11.25],
					"texture": "#0"
				},
				"east": {
					"uv": [13.375, 11.375, 13.4375, 11.5],
					"texture": "#0"
				},
				"south": {
					"uv": [13.375, 12.375, 13.4375, 12.5],
					"texture": "#0"
				},
				"west": {
					"uv": [12.625, 13.375, 12.6875, 13.5],
					"texture": "#0"
				},
				"up": {
					"uv": [13.8125, 13.8125, 13.75, 13.75],
					"texture": "#0"
				},
				"down": {
					"uv": [0.8125, 13.875, 0.75, 13.9375],
					"texture": "#0"
				}
			}
		},
		{
			"from": [3.65811, 4.87971, 4.85095],
			"to": [4.09848, 5.76044, 5.29132],
			"rotation": {
				"angle": 0,
				"axis": "y",
				"origin": [0.79573, 3.99898, 0.66747]
			},
			"faces": {
				"north": {
					"uv": [12.875, 13.375, 12.9375, 13.5],
					"texture": "#0"
				},
				"east": {
					"uv": [13.125, 13.375, 13.1875, 13.5],
					"texture": "#0"
				},
				"south": {
					"uv": [13.375, 13.375, 13.4375, 13.5],
					"texture": "#0"
				},
				"west": {
					"uv": [0.25, 13.5, 0.3125, 13.625],
					"texture": "#0"
				},
				"up": {
					"uv": [1.6875, 13.9375, 1.625, 13.875],
					"texture": "#0"
				},
				"down": {
					"uv": [13.9375, 2, 13.875, 2.0625],
					"texture": "#0"
				}
			}
		},
		{
			"from": [11.58472, 5.76044, 4.85095],
			"to": [12.02509, 6.20081, 8.81426],
			"rotation": {
				"angle": 0,
				"axis": "y",
				"origin": [14.88747, 3.99898, 0.66747]
			},
			"faces": {
				"north": {
					"uv": [2.25, 13.875, 2.3125, 13.9375],
					"texture": "#0"
				},
				"east": {
					"uv": [12.125, 11.625, 12.6875, 11.6875],
					"texture": "#0"
				},
				"south": {
					"uv": [2.5, 13.875, 2.5625, 13.9375],
					"texture": "#0"
				},
				"west": {
					"uv": [12.125, 11.875, 12.6875, 11.9375],
					"texture": "#0"
				},
				"up": {
					"uv": [6.1875, 12.6875, 6.125, 12.125],
					"texture": "#0"
				},
				"down": {
					"uv": [8.4375, 12.125, 8.375, 12.6875],
					"texture": "#0"
				}
			}
		},
		{
			"from": [3.65811, 5.76044, 4.85095],
			"to": [4.09848, 6.20081, 8.81426],
			"rotation": {
				"angle": 0,
				"axis": "y",
				"origin": [0.79573, 3.99898, 0.66747]
			},
			"faces": {
				"north": {
					"uv": [2.75, 13.875, 2.8125, 13.9375],
					"texture": "#0"
				},
				"east": {
					"uv": [12.125, 12.125, 12.6875, 12.1875],
					"texture": "#0"
				},
				"south": {
					"uv": [6.5, 13.875, 6.5625, 13.9375],
					"texture": "#0"
				},
				"west": {
					"uv": [12.25, 1.125, 12.8125, 1.1875],
					"texture": "#0"
				},
				"up": {
					"uv": [8.6875, 12.6875, 8.625, 12.125],
					"texture": "#0"
				},
				"down": {
					"uv": [10.6875, 12.125, 10.625, 12.6875],
					"texture": "#0"
				}
			}
		},
		{
			"from": [11.58472, 4.87971, 8.37389],
			"to": [12.02509, 5.76044, 8.81426],
			"rotation": {
				"angle": 0,
				"axis": "y",
				"origin": [14.88747, 3.99898, 0.66747]
			},
			"faces": {
				"north": {
					"uv": [0.5, 13.5, 0.5625, 13.625],
					"texture": "#0"
				},
				"east": {
					"uv": [13.5, 1.25, 13.5625, 1.375],
					"texture": "#0"
				},
				"south": {
					"uv": [13.5, 1.5, 13.5625, 1.625],
					"texture": "#0"
				},
				"west": {
					"uv": [13.5, 2.5, 13.5625, 2.625],
					"texture": "#0"
				},
				"up": {
					"uv": [13.9375, 6.8125, 13.875, 6.75],
					"texture": "#0"
				},
				"down": {
					"uv": [13.9375, 7.375, 13.875, 7.4375],
					"texture": "#0"
				}
			}
		},
		{
			"from": [3.65811, 4.87971, 8.37389],
			"to": [4.09848, 5.76044, 8.81426],
			"rotation": {
				"angle": 0,
				"axis": "y",
				"origin": [0.79573, 3.99898, 0.66747]
			},
			"faces": {
				"north": {
					"uv": [3.25, 13.5, 3.3125, 13.625],
					"texture": "#0"
				},
				"east": {
					"uv": [13.5, 3.375, 13.5625, 3.5],
					"texture": "#0"
				},
				"south": {
					"uv": [3.5, 13.5, 3.5625, 13.625],
					"texture": "#0"
				},
				"west": {
					"uv": [13.5, 3.625, 13.5625, 3.75],
					"texture": "#0"
				},
				"up": {
					"uv": [13.9375, 7.6875, 13.875, 7.625],
					"texture": "#0"
				},
				"down": {
					"uv": [13.9375, 9.625, 13.875, 9.6875],
					"texture": "#0"
				}
			}
		},
		{
			"from": [7.40123, 4.87971, 0.00692],
			"to": [8.28197, 5.76044, 5.95187],
			"rotation": {
				"angle": 0,
				"axis": "y",
				"origin": [9.1627, 11.92558, 14.75921]
			},
			"faces": {
				"north": {
					"uv": [4.875, 3.875, 5, 4],
					"texture": "#0"
				},
				"east": {
					"uv": [5.75, 3.625, 6.59375, 3.75],
					"texture": "#0"
				},
				"south": {
					"uv": [5.875, 0.25, 6, 0.375],
					"texture": "#0"
				},
				"west": {
					"uv": [5.875, 0, 6.71875, 0.125],
					"texture": "#0"
				},
				"up": {
					"uv": [1.625, 6.84375, 1.5, 6],
					"texture": "#0"
				},
				"down": {
					"uv": [6.25, 0.25, 6.125, 1.09375],
					"texture": "#0"
				}
			}
		},
		{
			"from": [2.5572, 3.99898, 3.30967],
			"to": [13.126, 4.87971, 12.99774],
			"rotation": {
				"angle": 0,
				"axis": "y",
				"origin": [0.79573, 3.99898, 2.42894]
			},
			"faces": {
				"north": {
					"uv": [5.25, 1.25, 6.75, 1.375],
					"texture": "#0"
				},
				"east": {
					"uv": [5.25, 2.625, 6.625, 2.75],
					"texture": "#0"
				},
				"south": {
					"uv": [5.25, 1.5, 6.75, 1.625],
					"texture": "#0"
				},
				"west": {
					"uv": [5.25, 2.875, 6.625, 3],
					"texture": "#0"
				},
				"up": {
					"uv": [1.5, 1.375, 0, 0],
					"texture": "#0"
				},
				"down": {
					"uv": [1.5, 1.5, 0, 2.875],
					"texture": "#0"
				}
			}
		},
		{
			"from": [2.55632, 5.11554, 1.49478],
			"to": [13.12688, 5.99628, 4.13698],
			"rotation": {
				"angle": 45,
				"axis": "x",
				"origin": [7.8416, 5.55591, 2.37551]
			},
			"faces": {
				"north": {
					"uv": [5.25, 1.75, 6.75, 1.875],
					"texture": "#0"
				},
				"east": {
					"uv": [9.625, 7.125, 10, 7.25],
					"texture": "#0"
				},
				"south": {
					"uv": [5.25, 2, 6.75, 2.125],
					"texture": "#0"
				},
				"west": {
					"uv": [9.625, 7.375, 10, 7.5],
					"texture": "#0"
				},
				"up": {
					"uv": [4.625, 2, 3.125, 1.625],
					"texture": "#0"
				},
				"down": {
					"uv": [4.625, 2.125, 3.125, 2.5],
					"texture": "#0"
				}
			}
		},
		{
			"from": [4.31866, 3.99898, -4.61694],
			"to": [11.36454, 4.87971, 0.66747],
			"rotation": {
				"angle": 0,
				"axis": "y",
				"origin": [7.8416, 11.04485, -2.85547]
			},
			"faces": {
				"north": {
					"uv": [5.25, 3.125, 6.25, 3.25],
					"texture": "#0"
				},
				"east": {
					"uv": [3.875, 1.375, 4.625, 1.5],
					"texture": "#0"
				},
				"south": {
					"uv": [5.5, 4.625, 6.5, 4.75],
					"texture": "#0"
				},
				"west": {
					"uv": [6, 4.875, 6.75, 5],
					"texture": "#0"
				},
				"up": {
					"uv": [3.75, 1.5, 2.75, 0.75],
					"texture": "#0"
				},
				"down": {
					"uv": [2.625, 2.75, 1.625, 3.5],
					"texture": "#0"
				}
			}
		},
		{
			"from": [6.08013, 3.99898, -6.3784],
			"to": [9.60307, 4.87971, -4.61694],
			"rotation": {
				"angle": 0,
				"axis": "y",
				"origin": [7.8416, 11.04485, -3.7362]
			},
			"faces": {
				"north": {
					"uv": [1, 3.375, 1.5, 3.5],
					"texture": "#0"
				},
				"east": {
					"uv": [6.375, 3.125, 6.625, 3.25],
					"texture": "#0"
				},
				"south": {
					"uv": [6.875, 0, 7.375, 0.125],
					"texture": "#0"
				},
				"west": {
					"uv": [9, 8.25, 9.25, 8.375],
					"texture": "#0"
				},
				"up": {
					"uv": [1.5, 3.25, 1, 3],
					"texture": "#0"
				},
				"down": {
					"uv": [1.625, 5.625, 1.125, 5.875],
					"texture": "#0"
				}
			}
		},
		{
			"from": [9.60307, 3.99898, 0.66747],
			"to": [10.4838, 4.87971, 3.30967],
			"rotation": {
				"angle": 0,
				"axis": "y",
				"origin": [6.08013, 11.04485, -0.21327]
			},
			"faces": {
				"north": {
					"uv": [6.875, 7.125, 7, 7.25],
					"texture": "#0"
				},
				"east": {
					"uv": [9.625, 7.625, 10, 7.75],
					"texture": "#0"
				},
				"south": {
					"uv": [0.75, 7.625, 0.875, 7.75],
					"texture": "#0"
				},
				"west": {
					"uv": [9.75, 0.75, 10.125, 0.875],
					"texture": "#0"
				},
				"up": {
					"uv": [0.875, 4.375, 0.75, 4],
					"texture": "#0"
				},
				"down": {
					"uv": [0.625, 4.75, 0.5, 5.125],
					"texture": "#0"
				}
			}
		},
		{
			"from": [5.1994, 3.99898, 0.66747],
			"to": [6.08013, 4.87971, 3.30967],
			"rotation": {
				"angle": 0,
				"axis": "y",
				"origin": [1.67646, 11.04485, -0.21327]
			},
			"faces": {
				"north": {
					"uv": [2.75, 7.625, 2.875, 7.75],
					"texture": "#0"
				},
				"east": {
					"uv": [9.75, 1, 10.125, 1.125],
					"texture": "#0"
				},
				"south": {
					"uv": [8.125, 6.875, 8.25, 7],
					"texture": "#0"
				},
				"west": {
					"uv": [9.75, 1.25, 10.125, 1.375],
					"texture": "#0"
				},
				"up": {
					"uv": [4, 10.125, 3.875, 9.75],
					"texture": "#0"
				},
				"down": {
					"uv": [4.25, 9.75, 4.125, 10.125],
					"texture": "#0"
				}
			}
		},
		{
			"from": [4.31866, 3.99898, 12.99774],
			"to": [11.36454, 4.87971, 16.52068],
			"rotation": {
				"angle": 0,
				"axis": "y",
				"origin": [7.8416, 11.04485, 16.52068]
			},
			"faces": {
				"north": {
					"uv": [3, 5.75, 4, 5.875],
					"texture": "#0"
				},
				"east": {
					"uv": [7.25, 2.25, 7.75, 2.375],
					"texture": "#0"
				},
				"south": {
					"uv": [5.75, 3.375, 6.75, 3.5],
					"texture": "#0"
				},
				"west": {
					"uv": [7.25, 2.5, 7.75, 2.625],
					"texture": "#0"
				},
				"up": {
					"uv": [4.75, 4, 3.75, 3.5],
					"texture": "#0"
				},
				"down": {
					"uv": [4.875, 0.75, 3.875, 1.25],
					"texture": "#0"
				}
			}
		},
		{
			"from": [5.1994, 4.87971, 9.47481],
			"to": [10.4838, 5.76044, 11.23627],
			"rotation": {
				"angle": 0,
				"axis": "y",
				"origin": [7.8416, 11.92558, 12.99774]
			},
			"faces": {
				"north": {
					"uv": [6, 5.125, 6.75, 5.25],
					"texture": "#0"
				},
				"east": {
					"uv": [9.375, 1.875, 9.625, 2],
					"texture": "#0"
				},
				"south": {
					"uv": [6.125, 2.25, 6.875, 2.375],
					"texture": "#0"
				},
				"west": {
					"uv": [10.25, 6, 10.5, 6.125],
					"texture": "#0"
				},
				"up": {
					"uv": [1.625, 5.5, 0.875, 5.25],
					"texture": "#0"
				},
				"down": {
					"uv": [6, 2.25, 5.25, 2.5],
					"texture": "#0"
				}
			}
		}
	]
}