{
	"textures": {
		"6": "animated_java:blueprint/mech_torso/autocannon",
		"particle": "minecraft:item/pufferfish"
	},
	"display": {
		"head": {
			"rotation": [0, 180, 0]
		}
	},
	"elements": [
		{
			"from": [6.875, 6.875, 0.875],
			"to": [9.125, 9.125, 7.625],
			"rotation": {
				"angle": 0,
				"axis": "y",
				"origin": [8, 8, 4.25]
			},
			"faces": {
				"north": {
					"uv": [8.875, 6.125, 9.375, 6.625],
					"texture": "#6"
				},
				"east": {
					"uv": [6.375, 1.125, 7.5, 1.625],
					"texture": "#6"
				},
				"south": {
					"uv": [9, 0, 9.5, 0.5],
					"texture": "#6"
				},
				"west": {
					"uv": [4.625, 6.75, 5.75, 7.25],
					"texture": "#6"
				},
				"up": {
					"uv": [6.375, 7.875, 5.875, 6.75],
					"texture": "#6"
				},
				"down": {
					"uv": [1.625, 6.875, 1.125, 8],
					"texture": "#6"
				}
			}
		},
		{
			"from": [7.25, 7.25, -7.375],
			"to": [8.75, 8.75, 12.875],
			"rotation": {
				"angle": 0,
				"axis": "y",
				"origin": [-24.625, -30.25, 15.125]
			},
			"faces": {
				"north": {
					"uv": [10.25, 3.5, 10, 3.75],
					"texture": "#6"
				},
				"east": {
					"uv": [8.125, 3.375, 4.75, 3.625],
					"texture": "#6"
				},
				"south": {
					"uv": [3.875, 10, 3.625, 10.25],
					"texture": "#6"
				},
				"west": {
					"uv": [8.125, 3, 4.75, 3.25],
					"texture": "#6"
				},
				"up": {
					"uv": [0.375, 7.875, 0.625, 4.5],
					"texture": "#6"
				},
				"down": {
					"uv": [0.75, 4.5, 1, 7.875],
					"texture": "#6"
				}
			}
		},
		{
			"from": [6.875, 6.875, -11.125],
			"to": [9.125, 9.125, -7.375],
			"rotation": {
				"angle": 0,
				"axis": "y",
				"origin": [-24.625, -30.25, 15.125]
			},
			"faces": {
				"north": {
					"uv": [0.875, 9.75, 0.5, 10.125],
					"texture": "#6"
				},
				"east": {
					"uv": [9.75, 8.75, 9.125, 9.125],
					"texture": "#6"
				},
				"south": {
					"uv": [10.125, 2.375, 9.75, 2.75],
					"texture": "#6"
				},
				"west": {
					"uv": [9.75, 8.25, 9.125, 8.625],
					"texture": "#6"
				},
				"up": {
					"uv": [1.75, 9.875, 2.125, 9.25],
					"texture": "#6"
				},
				"down": {
					"uv": [2.25, 9.25, 2.625, 9.875],
					"texture": "#6"
				}
			}
		},
		{
			"from": [9.125, 9.125, 7.625],
			"to": [6.875, 6.875, 0.875],
			"rotation": {
				"angle": 0,
				"axis": "y",
				"origin": [8, 8, 4.25]
			},
			"faces": {
				"north": {
					"uv": [9, 0.5, 9.5, 0],
					"texture": "#6"
				},
				"east": {
					"uv": [4.625, 7.25, 5.75, 6.75],
					"texture": "#6"
				},
				"south": {
					"uv": [8.875, 6.625, 9.375, 6.125],
					"texture": "#6"
				},
				"west": {
					"uv": [6.375, 1.625, 7.5, 1.125],
					"texture": "#6"
				},
				"up": {
					"uv": [1.125, 6.875, 1.625, 8],
					"texture": "#6"
				},
				"down": {
					"uv": [5.875, 7.875, 6.375, 6.75],
					"texture": "#6"
				}
			}
		}
	]
}