{
	"textures": {
		"1": "animated_java:blueprint/mech_torso/mech",
		"particle": "minecraft:item/pufferfish"
	},
	"display": {
		"head": {
			"rotation": [0, 180, 0]
		}
	},
	"elements": [
		{
			"from": [3.93384, 4.83743, 5.74102],
			"to": [10.25898, 11.16257, 10.25898],
			"rotation": {
				"angle": 0,
				"axis": "y",
				"origin": [11.16257, 8, 8]
			},
			"faces": {
				"north": {
					"uv": [7.3125, 0, 7.75, 0.4375],
					"texture": "#1"
				},
				"east": {
					"uv": [7.8125, 1.25, 8.125, 1.6875],
					"texture": "#1"
				},
				"south": {
					"uv": [3.6875, 7.3125, 4.125, 7.75],
					"texture": "#1"
				},
				"west": {
					"uv": [7.8125, 2.875, 8.125, 3.3125],
					"texture": "#1"
				},
				"up": {
					"uv": [8.25, 3.6875, 7.8125, 3.375],
					"texture": "#1"
				},
				"down": {
					"uv": [4.125, 7.8125, 3.6875, 8.125],
					"texture": "#1"
				}
			}
		},
		{
			"from": [4.83743, 5.74102, 4.83743],
			"to": [9.35539, 10.25898, 11.16257],
			"rotation": {
				"angle": 0,
				"axis": "y",
				"origin": [11.16257, 8, 8]
			},
			"faces": {
				"north": {
					"uv": [8.5, 4.0625, 8.8125, 4.375],
					"texture": "#1"
				},
				"east": {
					"uv": [7.8125, 5.6875, 8.25, 6],
					"texture": "#1"
				},
				"south": {
					"uv": [4.9375, 8.5, 5.25, 8.8125],
					"texture": "#1"
				},
				"west": {
					"uv": [7.8125, 6.0625, 8.25, 6.375],
					"texture": "#1"
				},
				"up": {
					"uv": [8.125, 6.875, 7.8125, 6.4375],
					"texture": "#1"
				},
				"down": {
					"uv": [8.125, 6.9375, 7.8125, 7.375],
					"texture": "#1"
				}
			}
		},
		{
			"from": [4.83743, -6.00568, 4.83743],
			"to": [11.16257, 3.93384, 11.16257],
			"rotation": {
				"angle": 0,
				"axis": "y",
				"origin": [8, -1.48772, 8]
			},
			"faces": {
				"north": {
					"uv": [5.75, 0, 6.1875, 0.6875],
					"texture": "#1"
				},
				"east": {
					"uv": [0.9375, 5.75, 1.375, 6.4375],
					"texture": "#1"
				},
				"south": {
					"uv": [1.4375, 5.75, 1.875, 6.4375],
					"texture": "#1"
				},
				"west": {
					"uv": [0, 5.8125, 0.4375, 6.5],
					"texture": "#1"
				},
				"up": {
					"uv": [7.75, 6.3125, 7.3125, 5.875],
					"texture": "#1"
				},
				"down": {
					"uv": [7.75, 7.125, 7.3125, 7.5625],
					"texture": "#1"
				}
			}
		},
		{
			"from": [3.93384, -5.10208, 6.64461],
			"to": [4.83743, 3.03024, 9.35539],
			"rotation": {
				"angle": 0,
				"axis": "y",
				"origin": [8, -1.48772, 8]
			},
			"faces": {
				"north": {
					"uv": [4.9375, 7.125, 5, 7.6875],
					"texture": "#1"
				},
				"east": {
					"uv": [8.375, 0.875, 8.5625, 1.4375],
					"texture": "#1"
				},
				"south": {
					"uv": [0, 9.625, 0.0625, 10.1875],
					"texture": "#1"
				},
				"west": {
					"uv": [5.8125, 8.375, 6, 8.9375],
					"texture": "#1"
				},
				"up": {
					"uv": [10.125, 1.5, 10.0625, 1.3125],
					"texture": "#1"
				},
				"down": {
					"uv": [1.8125, 10.0625, 1.75, 10.25],
					"texture": "#1"
				}
			}
		},
		{
			"from": [5.74102, -10.52364, 10.25898],
			"to": [10.16862, -0.58412, 12.06616],
			"rotation": {
				"angle": 0,
				"axis": "y",
				"origin": [8, -1.48772, 8]
			},
			"faces": {
				"north": {
					"uv": [1.625, 6.875, 1.9375, 7.5625],
					"texture": "#1"
				},
				"east": {
					"uv": [4.75, 8.75, 4.875, 9.4375],
					"texture": "#1"
				},
				"south": {
					"uv": [3.3125, 6.875, 3.625, 7.5625],
					"texture": "#1"
				},
				"west": {
					"uv": [1.75, 8.8125, 1.875, 9.5],
					"texture": "#1"
				},
				"up": {
					"uv": [9.875, 4.6875, 9.5625, 4.5625],
					"texture": "#1"
				},
				"down": {
					"uv": [9.875, 4.75, 9.5625, 4.875],
					"texture": "#1"
				}
			}
		},
		{
			"from": [5.83138, -12.83743, 9.82989],
			"to": [10.07826, -10.12665, 11.63708],
			"rotation": {
				"angle": 45,
				"axis": "x",
				"origin": [8.90359, -10.8431, 11.37241]
			},
			"faces": {
				"north": {
					"uv": [8.625, 9.125, 8.9375, 9.3125],
					"texture": "#1"
				},
				"east": {
					"uv": [9.875, 3.625, 10, 3.8125],
					"texture": "#1"
				},
				"south": {
					"uv": [9, 9.125, 9.3125, 9.3125],
					"texture": "#1"
				},
				"west": {
					"uv": [9.875, 5.5, 10, 5.6875],
					"texture": "#1"
				},
				"up": {
					"uv": [9.875, 5.4375, 9.5625, 5.3125],
					"texture": "#1"
				},
				"down": {
					"uv": [6.0625, 9.5625, 5.75, 9.6875],
					"texture": "#1"
				}
			}
		},
		{
			"from": [11.16257, -8.71645, 4.38563],
			"to": [12.96976, 4.83743, 11.61437],
			"rotation": {
				"angle": 0,
				"axis": "y",
				"origin": [8, -1.48772, 8]
			},
			"faces": {
				"north": {
					"uv": [2.3125, 8.0625, 2.4375, 9],
					"texture": "#1"
				},
				"east": {
					"uv": [4.875, 1, 5.375, 1.9375],
					"texture": "#1"
				},
				"south": {
					"uv": [8.1875, 0.75, 8.3125, 1.6875],
					"texture": "#1"
				},
				"west": {
					"uv": [2.5, 5, 3, 5.9375],
					"texture": "#1"
				},
				"up": {
					"uv": [5.9375, 9.5, 5.8125, 9],
					"texture": "#1"
				},
				"down": {
					"uv": [6.125, 9, 6, 9.5],
					"texture": "#1"
				}
			}
		},
		{
			"from": [10.73347, 4.44044, 4.39469],
			"to": [12.54066, 6.24763, 11.60535],
			"rotation": {
				"angle": 45,
				"axis": "z",
				"origin": [12.27601, 5.15689, 8.4518]
			},
			"faces": {
				"north": {
					"uv": [9.9375, 8.75, 10.0625, 8.875],
					"texture": "#1"
				},
				"east": {
					"uv": [3.4375, 9.0625, 3.9375, 9.1875],
					"texture": "#1"
				},
				"south": {
					"uv": [9.8125, 9.9375, 9.9375, 10.0625],
					"texture": "#1"
				},
				"west": {
					"uv": [9.0625, 4.375, 9.5625, 4.5],
					"texture": "#1"
				},
				"up": {
					"uv": [6.3125, 9.5, 6.1875, 9],
					"texture": "#1"
				},
				"down": {
					"uv": [0.125, 9.0625, 0, 9.5625],
					"texture": "#1"
				}
			}
		},
		{
			"from": [6.64461, -4.19849, 3.93384],
			"to": [10.25898, 2.12665, 4.83743],
			"rotation": {
				"angle": 0,
				"axis": "y",
				"origin": [8, -1.48772, 8]
			},
			"faces": {
				"north": {
					"uv": [3.125, 8.3125, 3.375, 8.75],
					"texture": "#1"
				},
				"east": {
					"uv": [2.5, 8.0625, 2.5625, 8.5],
					"texture": "#1"
				},
				"south": {
					"uv": [8.3125, 3.125, 8.5625, 3.5625],
					"texture": "#1"
				},
				"west": {
					"uv": [4.8125, 9.75, 4.875, 10.1875],
					"texture": "#1"
				},
				"up": {
					"uv": [8.4375, 2.25, 8.1875, 2.1875],
					"texture": "#1"
				},
				"down": {
					"uv": [8.5625, 3.625, 8.3125, 3.6875],
					"texture": "#1"
				}
			}
		},
		{
			"from": [6.64461, -9.62004, 5.74102],
			"to": [8.4518, -5.10208, 9.35539],
			"rotation": {
				"angle": 0,
				"axis": "y",
				"origin": [8, -5.10208, 8]
			},
			"faces": {
				"north": {
					"uv": [0.1875, 9.5625, 0.3125, 9.875],
					"texture": "#1"
				},
				"east": {
					"uv": [8.8125, 6.75, 9.0625, 7.0625],
					"texture": "#1"
				},
				"south": {
					"uv": [1.3125, 9.5625, 1.4375, 9.875],
					"texture": "#1"
				},
				"west": {
					"uv": [8.8125, 7.125, 9.0625, 7.4375],
					"texture": "#1"
				},
				"up": {
					"uv": [5.4375, 10, 5.3125, 9.75],
					"texture": "#1"
				},
				"down": {
					"uv": [5.625, 9.75, 5.5, 10],
					"texture": "#1"
				}
			}
		},
		{
			"from": [5.74102, 2.12665, 6.64461],
			"to": [8.4518, 9.35539, 9.35539],
			"rotation": {
				"angle": 0,
				"axis": "y",
				"origin": [8.4518, 3.48204, 8]
			},
			"faces": {
				"north": {
					"uv": [8.625, 0.875, 8.8125, 1.375],
					"texture": "#1"
				},
				"east": {
					"uv": [8.625, 2.125, 8.8125, 2.625],
					"texture": "#1"
				},
				"south": {
					"uv": [2.5, 8.625, 2.6875, 9.125],
					"texture": "#1"
				},
				"west": {
					"uv": [8.625, 3, 8.8125, 3.5],
					"texture": "#1"
				},
				"up": {
					"uv": [9.8125, 3.8125, 9.625, 3.625],
					"texture": "#1"
				},
				"down": {
					"uv": [9.8125, 5.5, 9.625, 5.6875],
					"texture": "#1"
				}
			}
		}
	]
}