{
	"textures": {
		"1": "animated_java:blueprint/mech_torso/mech",
		"8": "animated_java:blueprint/mech_torso/interior",
		"particle": "minecraft:item/pufferfish"
	},
	"display": {
		"head": {
			"rotation": [0, 180, 0]
		}
	},
	"elements": [
		{
			"from": [2.69582, 15.38797, 1.55921],
			"to": [4.96904, 16.90345, 11.52349],
			"rotation": {
				"angle": 0,
				"axis": "y",
				"origin": [3.45356, 15.38797, 0.15739]
			},
			"faces": {
				"north": {
					"uv": [1, 9.5, 1.75, 10],
					"texture": "#8"
				},
				"east": {
					"uv": [8.75, 1.5, 12, 2],
					"texture": "#8"
				},
				"south": {
					"uv": [2, 9.5, 2.75, 10],
					"texture": "#8"
				},
				"west": {
					"uv": [2.25, 8.75, 5.5, 9.25],
					"texture": "#8"
				},
				"up": {
					"uv": [7.5, 7.75, 6.75, 4.5],
					"texture": "#8"
				},
				"down": {
					"uv": [0.75, 7.5, 0, 10.75],
					"texture": "#8"
				}
			}
		},
		{
			"from": [2.69582, 14.49234, -0.52727],
			"to": [13.30418, 16.00782, 3.9434],
			"rotation": {
				"angle": -45,
				"axis": "x",
				"origin": [-4.88159, 14.49234, 1.29131]
			},
			"faces": {
				"north": {
					"uv": [7.75, 7.75, 11.25, 8.25],
					"texture": "#8"
				},
				"east": {
					"uv": [2.25, 8, 3.5, 8.5],
					"texture": "#8"
				},
				"south": {
					"uv": [6.75, 8.5, 10.25, 9],
					"texture": "#8"
				},
				"west": {
					"uv": [6.75, 9.25, 8, 9.75],
					"texture": "#8"
				},
				"up": {
					"uv": [6.25, 1.25, 2.75, 0],
					"texture": "#8"
				},
				"down": {
					"uv": [6.25, 1.5, 2.75, 2.75],
					"texture": "#8"
				}
			}
		},
		{
			"from": [2.69582, 10.56509, -1.06623],
			"to": [13.30418, 14.27802, 0.44925],
			"rotation": {
				"angle": 0,
				"axis": "y",
				"origin": [8, 12.42155, -0.30849]
			},
			"faces": {
				"north": {
					"uv": [2.75, 3, 6.25, 4.25],
					"texture": "#8"
				},
				"east": {
					"uv": [8.25, 9.25, 8.75, 10.5],
					"texture": "#8"
				},
				"south": {
					"uv": [2.75, 4.5, 6.25, 5.75],
					"texture": "#8"
				},
				"west": {
					"uv": [9, 9.25, 9.5, 10.5],
					"texture": "#8"
				},
				"up": {
					"uv": [12.25, 0.5, 8.75, 0],
					"texture": "#8"
				},
				"down": {
					"uv": [12.25, 0.75, 8.75, 1.25],
					"texture": "#8"
				}
			}
		},
		{
			"from": [4.96904, 13.7346, -0.52727],
			"to": [11.03096, 17.5233, 3.18566],
			"rotation": {
				"angle": -45,
				"axis": "x",
				"origin": [1.18033, 16.00782, 1.29131]
			},
			"faces": {
				"north": {
					"uv": [4.5, 6, 6.5, 7.25],
					"texture": "#8"
				},
				"east": {
					"uv": [8.75, 2.25, 10, 3.5],
					"texture": "#8"
				},
				"south": {
					"uv": [6.5, 0, 8.5, 1.25],
					"texture": "#8"
				},
				"west": {
					"uv": [9, 5.75, 10.25, 7],
					"texture": "#8"
				},
				"up": {
					"uv": [8.5, 2.75, 6.5, 1.5],
					"texture": "#8"
				},
				"down": {
					"uv": [8.5, 3, 6.5, 4.25],
					"texture": "#8"
				}
			}
		},
		{
			"from": [4.96904, 10.56509, -1.06623],
			"to": [11.03096, 15.7935, 1.96473],
			"rotation": {
				"angle": 0,
				"axis": "y",
				"origin": [1.18033, 15.41463, 0.44925]
			},
			"faces": {
				"north": {
					"uv": [0, 5.5, 2, 7.25],
					"texture": "#8"
				},
				"east": {
					"uv": [1, 7.5, 2, 9.25],
					"texture": "#8"
				},
				"south": {
					"uv": [2.25, 6, 4.25, 7.75],
					"texture": "#8"
				},
				"west": {
					"uv": [7.75, 5.75, 8.75, 7.5],
					"texture": "#8"
				},
				"up": {
					"uv": [6.5, 8.5, 4.5, 7.5],
					"texture": "#8"
				},
				"down": {
					"uv": [9.75, 4.5, 7.75, 5.5],
					"texture": "#8"
				}
			}
		},
		{
			"from": [4.2113, 11.4378, 8.0211],
			"to": [11.7887, 18.93943, 8.77884],
			"rotation": {
				"angle": 22.5,
				"axis": "x",
				"origin": [9.13661, 9.84655, 2.71692]
			},
			"faces": {
				"north": {
					"uv": [0, 0, 2.5, 2.5],
					"texture": "#8"
				},
				"east": {
					"uv": [5.75, 8.75, 6, 11.25],
					"texture": "#8"
				},
				"south": {
					"uv": [0, 2.75, 2.5, 5.25],
					"texture": "#8"
				},
				"west": {
					"uv": [6.25, 8.75, 6.5, 11.25],
					"texture": "#8"
				},
				"up": {
					"uv": [11.25, 4, 8.75, 3.75],
					"texture": "#8"
				},
				"down": {
					"uv": [11.5, 7.25, 9, 7.5],
					"texture": "#8"
				}
			}
		},
		{
			"from": [11.03096, 15.38797, 1.55921],
			"to": [13.30418, 16.90345, 11.52349],
			"rotation": {
				"angle": 0,
				"axis": "y",
				"origin": [11.7887, 15.38797, 0.15739]
			},
			"faces": {
				"north": {
					"uv": [2, 5.25, 2.75, 5.75],
					"texture": "#8"
				},
				"east": {
					"uv": [8.5, 4, 11.75, 4.5],
					"texture": "#8"
				},
				"south": {
					"uv": [3.5, 7.75, 4.25, 8.25],
					"texture": "#8"
				},
				"west": {
					"uv": [9.5, 9, 12.75, 9.5],
					"texture": "#8"
				},
				"up": {
					"uv": [3.5, 12.5, 2.75, 9.25],
					"texture": "#8"
				},
				"down": {
					"uv": [4.25, 9.25, 3.5, 12.5],
					"texture": "#8"
				}
			}
		},
		{
			"from": [-2.2295, 21.06843, 8.99112],
			"to": [0.04372, 23.34165, 11.26434],
			"rotation": {
				"angle": 0,
				"axis": "y",
				"origin": [-2.98724, 22.96278, 10.12773]
			},
			"faces": {
				"north": {
					"uv": [9.5625, 7.375, 9.75, 7.5625],
					"texture": "#1"
				},
				"east": {
					"uv": [9.5625, 7.625, 9.75, 7.8125],
					"texture": "#1"
				},
				"south": {
					"uv": [9.5625, 7.875, 9.75, 8.0625],
					"texture": "#1"
				},
				"west": {
					"uv": [9.5625, 9.0625, 9.75, 9.25],
					"texture": "#1"
				},
				"up": {
					"uv": [9.8125, 0.625, 9.625, 0.4375],
					"texture": "#1"
				},
				"down": {
					"uv": [9.8125, 0.8125, 9.625, 1],
					"texture": "#1"
				}
			}
		},
		{
			"from": [15.95628, 21.06843, 8.99112],
			"to": [18.2295, 23.34165, 11.26434],
			"rotation": {
				"angle": 0,
				"axis": "y",
				"origin": [18.98724, 22.96278, 10.12773]
			},
			"faces": {
				"north": {
					"uv": [9.625, 1.5625, 9.8125, 1.75],
					"texture": "#1"
				},
				"east": {
					"uv": [9.625, 1.8125, 9.8125, 2],
					"texture": "#1"
				},
				"south": {
					"uv": [9.625, 2.0625, 9.8125, 2.25],
					"texture": "#1"
				},
				"west": {
					"uv": [9.625, 2.3125, 9.8125, 2.5],
					"texture": "#1"
				},
				"up": {
					"uv": [9.8125, 2.75, 9.625, 2.5625],
					"texture": "#1"
				},
				"down": {
					"uv": [9.8125, 3.375, 9.625, 3.5625],
					"texture": "#1"
				}
			}
		},
		{
			"from": [11.7887, 8.54249, 10.30141],
			"to": [14.06192, 18.39312, 14.16589],
			"rotation": {
				"angle": 22.5,
				"axis": "x",
				"origin": [15.19854, 14.13083, 11.13492]
			},
			"faces": {
				"north": {
					"uv": [2.5, 3.125, 2.6875, 3.9375],
					"texture": "#1"
				},
				"east": {
					"uv": [6.1875, 3.3125, 6.5, 4.125],
					"texture": "#1"
				},
				"south": {
					"uv": [3.4375, 7.625, 3.625, 8.4375],
					"texture": "#1"
				},
				"west": {
					"uv": [2.9375, 6.375, 3.25, 7.1875],
					"texture": "#1"
				},
				"up": {
					"uv": [3.5, 6.6875, 3.3125, 6.375],
					"texture": "#1"
				},
				"down": {
					"uv": [1.5625, 9.1875, 1.375, 9.5],
					"texture": "#1"
				}
			}
		},
		{
			"from": [13.30418, 14.09409, 5.22662],
			"to": [16.33515, 27.73342, 5.98436],
			"rotation": {
				"angle": 45,
				"axis": "x",
				"origin": [15.19854, 20.91376, 8.16286]
			},
			"faces": {
				"north": {
					"uv": [2.3125, 6, 2.5625, 7.125],
					"texture": "#1"
				},
				"east": {
					"uv": [7.375, 8.875, 7.4375, 10],
					"texture": "#1"
				},
				"south": {
					"uv": [2.625, 6, 2.875, 7.125],
					"texture": "#1"
				},
				"west": {
					"uv": [7.5, 8.875, 7.5625, 10],
					"texture": "#1"
				},
				"up": {
					"uv": [10.25, 9.25, 10, 9.1875],
					"texture": "#1"
				},
				"down": {
					"uv": [10.25, 9.3125, 10, 9.375],
					"texture": "#1"
				}
			}
		},
		{
			"from": [13.30418, 9.72972, 0.84489],
			"to": [16.33515, 10.48746, 10.12721],
			"rotation": {
				"angle": 0,
				"axis": "y",
				"origin": [15.19854, 12.38181, 2.26565]
			},
			"faces": {
				"north": {
					"uv": [9, 10, 9.25, 10.0625],
					"texture": "#1"
				},
				"east": {
					"uv": [6.1875, 1.875, 6.96875, 1.9375],
					"texture": "#1"
				},
				"south": {
					"uv": [10, 9.0625, 10.25, 9.125],
					"texture": "#1"
				},
				"west": {
					"uv": [6.25, 0.625, 7.03125, 0.6875],
					"texture": "#1"
				},
				"up": {
					"uv": [7.25, 7.90625, 7, 7.125],
					"texture": "#1"
				},
				"down": {
					"uv": [7.4375, 0.625, 7.1875, 1.40625],
					"texture": "#1"
				}
			}
		},
		{
			"from": [-0.32757, 10.48746, -1.42833],
			"to": [2.68824, 26.40001, 14.67366],
			"rotation": {
				"angle": 0,
				"axis": "y",
				"origin": [0.80146, 13.13955, 2.26565]
			},
			"faces": {
				"north": {
					"uv": [5.5, 5.3125, 5.75, 6.625],
					"texture": "#1"
				},
				"east": {
					"uv": [2.75, 2.75, 4.09375, 4.0625],
					"texture": "#1"
				},
				"south": {
					"uv": [5.5625, 1.375, 5.8125, 2.6875],
					"texture": "#1"
				},
				"west": {
					"uv": [0, 3.125, 1.34375, 4.4375],
					"texture": "#1"
				},
				"up": {
					"uv": [2.25, 6.46875, 2, 5.125],
					"texture": "#1"
				},
				"down": {
					"uv": [5.5, 2, 5.25, 3.34375],
					"texture": "#1"
				}
			}
		},
		{
			"from": [13.31176, 10.48746, -1.42833],
			"to": [16.32757, 26.40001, 14.67366],
			"rotation": {
				"angle": 0,
				"axis": "y",
				"origin": [15.19854, 13.13955, 2.26565]
			},
			"faces": {
				"north": {
					"uv": [5.75, 5.3125, 5.5, 6.625],
					"texture": "#1"
				},
				"east": {
					"uv": [1.34375, 3.125, 0, 4.4375],
					"texture": "#1"
				},
				"south": {
					"uv": [5.8125, 1.375, 5.5625, 2.6875],
					"texture": "#1"
				},
				"west": {
					"uv": [4.09375, 2.75, 2.75, 4.0625],
					"texture": "#1"
				},
				"up": {
					"uv": [2, 6.46875, 2.25, 5.125],
					"texture": "#1"
				},
				"down": {
					"uv": [5.25, 2, 5.5, 3.34375],
					"texture": "#1"
				}
			}
		},
		{
			"from": [13.30418, 10.28962, 11.10112],
			"to": [16.33515, 24.49725, 11.85886],
			"rotation": {
				"angle": 22.5,
				"axis": "x",
				"origin": [15.19854, 14.36247, 9.58564]
			},
			"faces": {
				"north": {
					"uv": [3.5625, 5.625, 3.8125, 6.8125],
					"texture": "#1"
				},
				"east": {
					"uv": [2, 8.3125, 2.0625, 9.5],
					"texture": "#1"
				},
				"south": {
					"uv": [0.5, 5.8125, 0.75, 7],
					"texture": "#1"
				},
				"west": {
					"uv": [5.3125, 8.5, 5.375, 9.6875],
					"texture": "#1"
				},
				"up": {
					"uv": [10.1875, 9, 9.9375, 8.9375],
					"texture": "#1"
				},
				"down": {
					"uv": [10.25, 6.0625, 10, 6.125],
					"texture": "#1"
				}
			}
		},
		{
			"from": [13.30418, 9.60696, -1.56888],
			"to": [16.33515, 17.56323, -0.81114],
			"rotation": {
				"angle": 22.5,
				"axis": "x",
				"origin": [15.19854, 10.74357, 1.36736]
			},
			"faces": {
				"north": {
					"uv": [0, 7.3125, 0.25, 7.96875],
					"texture": "#1"
				},
				"east": {
					"uv": [8.125, 9.4375, 8.1875, 10.09375],
					"texture": "#1"
				},
				"south": {
					"uv": [7.5, 0.5, 7.75, 1.15625],
					"texture": "#1"
				},
				"west": {
					"uv": [4.125, 9.5, 4.1875, 10.15625],
					"texture": "#1"
				},
				"up": {
					"uv": [10.0625, 6, 9.8125, 5.9375],
					"texture": "#1"
				},
				"down": {
					"uv": [10.1875, 6.625, 9.9375, 6.6875],
					"texture": "#1"
				}
			}
		},
		{
			"from": [13.30418, 9.60696, -0.81114],
			"to": [16.33515, 10.3647, 1.27264],
			"rotation": {
				"angle": 22.5,
				"axis": "x",
				"origin": [15.19854, 10.74357, 1.36736]
			},
			"faces": {
				"north": {
					"uv": [10, 9.4375, 10.25, 9.5],
					"texture": "#1"
				},
				"east": {
					"uv": [10.0625, 5.5, 10.25, 5.5625],
					"texture": "#1"
				},
				"south": {
					"uv": [10, 9.5625, 10.25, 9.625],
					"texture": "#1"
				},
				"west": {
					"uv": [5.5625, 10.0625, 5.75, 10.125],
					"texture": "#1"
				},
				"up": {
					"uv": [7.1875, 9.6875, 6.9375, 9.5],
					"texture": "#1"
				},
				"down": {
					"uv": [9.75, 8.125, 9.5, 8.3125],
					"texture": "#1"
				}
			}
		},
		{
			"from": [-0.33515, 14.09409, 5.22662],
			"to": [2.69582, 27.73342, 5.98436],
			"rotation": {
				"angle": 45,
				"axis": "x",
				"origin": [0.80146, 20.91376, 8.16286]
			},
			"faces": {
				"north": {
					"uv": [6.125, 4.5625, 6.375, 5.6875],
					"texture": "#1"
				},
				"east": {
					"uv": [0.625, 8.9375, 0.6875, 10.0625],
					"texture": "#1"
				},
				"south": {
					"uv": [6.125, 5.75, 6.375, 6.875],
					"texture": "#1"
				},
				"west": {
					"uv": [4, 8.9375, 4.0625, 10.0625],
					"texture": "#1"
				},
				"up": {
					"uv": [10.3125, 0.875, 10.0625, 0.8125],
					"texture": "#1"
				},
				"down": {
					"uv": [10.3125, 0.9375, 10.0625, 1],
					"texture": "#1"
				}
			}
		},
		{
			"from": [-0.33515, 10.28962, 11.10112],
			"to": [2.69582, 24.49725, 11.85886],
			"rotation": {
				"angle": 22.5,
				"axis": "x",
				"origin": [0.80146, 14.36247, 9.58564]
			},
			"faces": {
				"north": {
					"uv": [5.8125, 5.3125, 6.0625, 6.5],
					"texture": "#1"
				},
				"east": {
					"uv": [2.75, 8.625, 2.8125, 9.8125],
					"texture": "#1"
				},
				"south": {
					"uv": [5.875, 0.75, 6.125, 1.9375],
					"texture": "#1"
				},
				"west": {
					"uv": [4.9375, 8.875, 5, 10.0625],
					"texture": "#1"
				},
				"up": {
					"uv": [10.3125, 0.4375, 10.0625, 0.375],
					"texture": "#1"
				},
				"down": {
					"uv": [10.3125, 0.6875, 10.0625, 0.75],
					"texture": "#1"
				}
			}
		},
		{
			"from": [-0.33515, 9.72972, 0.84489],
			"to": [2.69582, 10.48746, 10.12721],
			"rotation": {
				"angle": 0,
				"axis": "y",
				"origin": [0.80146, 12.38181, 2.26565]
			},
			"faces": {
				"north": {
					"uv": [10.0625, 0.125, 10.3125, 0.1875],
					"texture": "#1"
				},
				"east": {
					"uv": [9.1875, 3.25, 9.96875, 3.3125],
					"texture": "#1"
				},
				"south": {
					"uv": [10.0625, 0.25, 10.3125, 0.3125],
					"texture": "#1"
				},
				"west": {
					"uv": [9.1875, 4.25, 9.96875, 4.3125],
					"texture": "#1"
				},
				"up": {
					"uv": [1.0625, 7.96875, 0.8125, 7.1875],
					"texture": "#1"
				},
				"down": {
					"uv": [2.5625, 7.1875, 2.3125, 7.96875],
					"texture": "#1"
				}
			}
		},
		{
			"from": [-0.33515, 9.60696, -1.56888],
			"to": [2.69582, 17.56323, -0.81114],
			"rotation": {
				"angle": 22.5,
				"axis": "x",
				"origin": [0.80146, 10.74357, 1.36736]
			},
			"faces": {
				"north": {
					"uv": [7.5, 1.25, 7.75, 1.90625],
					"texture": "#1"
				},
				"east": {
					"uv": [5.0625, 9.5, 5.125, 10.15625],
					"texture": "#1"
				},
				"south": {
					"uv": [7.5, 3, 7.75, 3.65625],
					"texture": "#1"
				},
				"west": {
					"uv": [5.1875, 9.5, 5.25, 10.15625],
					"texture": "#1"
				},
				"up": {
					"uv": [10.25, 10, 10, 9.9375],
					"texture": "#1"
				},
				"down": {
					"uv": [10.3125, 0, 10.0625, 0.0625],
					"texture": "#1"
				}
			}
		},
		{
			"from": [-0.33515, 9.60696, -0.81114],
			"to": [2.69582, 10.3647, 1.27264],
			"rotation": {
				"angle": 22.5,
				"axis": "x",
				"origin": [0.80146, 10.74357, 1.36736]
			},
			"faces": {
				"north": {
					"uv": [10, 9.6875, 10.25, 9.75],
					"texture": "#1"
				},
				"east": {
					"uv": [10.0625, 5.625, 10.25, 5.6875],
					"texture": "#1"
				},
				"south": {
					"uv": [10, 9.8125, 10.25, 9.875],
					"texture": "#1"
				},
				"west": {
					"uv": [5.8125, 10.0625, 6, 10.125],
					"texture": "#1"
				},
				"up": {
					"uv": [9.5625, 9.6875, 9.3125, 9.5],
					"texture": "#1"
				},
				"down": {
					"uv": [1.25, 9.5625, 1, 9.75],
					"texture": "#1"
				}
			}
		},
		{
			"from": [1.93808, 8.54249, 10.30141],
			"to": [4.2113, 18.39312, 14.16589],
			"rotation": {
				"angle": 22.5,
				"axis": "x",
				"origin": [0.80146, 14.13083, 11.13492]
			},
			"faces": {
				"north": {
					"uv": [6.125, 7.6875, 6.3125, 8.5],
					"texture": "#1"
				},
				"east": {
					"uv": [3.875, 6.4375, 4.1875, 7.25],
					"texture": "#1"
				},
				"south": {
					"uv": [2.625, 7.75, 2.8125, 8.5625],
					"texture": "#1"
				},
				"west": {
					"uv": [4.25, 6.4375, 4.5625, 7.25],
					"texture": "#1"
				},
				"up": {
					"uv": [9.375, 2.625, 9.1875, 2.3125],
					"texture": "#1"
				},
				"down": {
					"uv": [2.625, 9.1875, 2.4375, 9.5],
					"texture": "#1"
				}
			}
		},
		{
			"from": [1.18033, 26.21953, 11.20532],
			"to": [14.81967, 29.25049, 14.23628],
			"rotation": {
				"angle": 0,
				"axis": "y",
				"origin": [8, 10.30698, 7.03775]
			},
			"faces": {
				"north": {
					"uv": [5.6875, 4.25, 6.8125, 4.5],
					"texture": "#1"
				},
				"east": {
					"uv": [9.0625, 8.5, 9.3125, 8.75],
					"texture": "#1"
				},
				"south": {
					"uv": [5.875, 2, 7, 2.25],
					"texture": "#1"
				},
				"west": {
					"uv": [6.375, 9.125, 6.625, 9.375],
					"texture": "#1"
				},
				"up": {
					"uv": [7, 2.5625, 5.875, 2.3125],
					"texture": "#1"
				},
				"down": {
					"uv": [7.1875, 2.625, 6.0625, 2.875],
					"texture": "#1"
				}
			}
		},
		{
			"from": [1.18033, 28.49275, 4.00678],
			"to": [1.93808, 29.25049, 11.20532],
			"rotation": {
				"angle": 0,
				"axis": "y",
				"origin": [8, 10.30698, 3.05961]
			},
			"faces": {
				"north": {
					"uv": [4.5, 4, 4.5625, 4.0625],
					"texture": "#1"
				},
				"east": {
					"uv": [9.5, 8.375, 10.09375, 8.4375],
					"texture": "#1"
				},
				"south": {
					"uv": [6, 4.5625, 6.0625, 4.625],
					"texture": "#1"
				},
				"west": {
					"uv": [9.5625, 4.9375, 10.15625, 5],
					"texture": "#1"
				},
				"up": {
					"uv": [2.5, 10.15625, 2.4375, 9.5625],
					"texture": "#1"
				},
				"down": {
					"uv": [2.625, 9.5625, 2.5625, 10.15625],
					"texture": "#1"
				}
			}
		},
		{
			"from": [1.93808, 28.87162, 4.00678],
			"to": [14.06192, 28.87162, 11.20532],
			"rotation": {
				"angle": 0,
				"axis": "y",
				"origin": [8.75774, 10.30698, 3.05961]
			},
			"faces": {
				"north": {
					"uv": [10.125, 6.5625, 11.125, 6.5625],
					"texture": "#1"
				},
				"east": {
					"uv": [10.125, 8, 10.71875, 8],
					"texture": "#1"
				},
				"south": {
					"uv": [10.125, 8.0625, 11.125, 8.0625],
					"texture": "#1"
				},
				"west": {
					"uv": [10.125, 8.125, 10.71875, 8.125],
					"texture": "#1"
				},
				"up": {
					"uv": [1, 5.09375, 0, 4.5],
					"texture": "#1"
				},
				"down": {
					"uv": [5.625, 4, 4.625, 4.59375],
					"texture": "#1"
				}
			}
		},
		{
			"from": [1.18033, 27.13026, -3.45013],
			"to": [1.93808, 27.888, 4.88501],
			"rotation": {
				"angle": -45,
				"axis": "x",
				"origin": [1.55921, 27.50913, 2.80123]
			},
			"faces": {
				"north": {
					"uv": [1.125, 7.5, 1.1875, 7.5625],
					"texture": "#1"
				},
				"east": {
					"uv": [9.1875, 6.5, 9.875, 6.5625],
					"texture": "#1"
				},
				"south": {
					"uv": [8.5, 2.1875, 8.5625, 2.25],
					"texture": "#1"
				},
				"west": {
					"uv": [9.25, 6.0625, 9.9375, 6.125],
					"texture": "#1"
				},
				"up": {
					"uv": [3.9375, 6.3125, 3.875, 5.625],
					"texture": "#1"
				},
				"down": {
					"uv": [0.5625, 9.125, 0.5, 9.8125],
					"texture": "#1"
				}
			}
		},
		{
			"from": [1.93808, 27.13026, 4.12727],
			"to": [14.06192, 27.888, 4.88501],
			"rotation": {
				"angle": -45,
				"axis": "x",
				"origin": [2.31695, 27.50913, 2.80123]
			},
			"faces": {
				"north": {
					"uv": [8.875, 6.625, 9.875, 6.6875],
					"texture": "#1"
				},
				"east": {
					"uv": [6.5625, 10.125, 6.625, 10.1875],
					"texture": "#1"
				},
				"south": {
					"uv": [9, 3.875, 10, 3.9375],
					"texture": "#1"
				},
				"west": {
					"uv": [6.6875, 10.125, 6.75, 10.1875],
					"texture": "#1"
				},
				"up": {
					"uv": [10.0625, 5.25, 9.0625, 5.1875],
					"texture": "#1"
				},
				"down": {
					"uv": [10.125, 6.75, 9.125, 6.8125],
					"texture": "#1"
				}
			}
		},
		{
			"from": [1.18033, 11.23281, -1.88705],
			"to": [1.93808, 23.35666, -1.12931],
			"rotation": {
				"angle": 0,
				"axis": "y",
				"origin": [1.55921, 20.70457, -1.50818]
			},
			"faces": {
				"north": {
					"uv": [4.3125, 8.9375, 4.375, 9.9375],
					"texture": "#1"
				},
				"east": {
					"uv": [7.8125, 8.9375, 7.875, 9.9375],
					"texture": "#1"
				},
				"south": {
					"uv": [0.75, 9.0625, 0.8125, 10.0625],
					"texture": "#1"
				},
				"west": {
					"uv": [0.875, 9.0625, 0.9375, 10.0625],
					"texture": "#1"
				},
				"up": {
					"uv": [4.125, 8.5625, 4.0625, 8.5],
					"texture": "#1"
				},
				"down": {
					"uv": [10.1875, 6.4375, 10.125, 6.5],
					"texture": "#1"
				}
			}
		},
		{
			"from": [1.93808, 11.99055, -1.50818],
			"to": [14.06192, 23.16722, -1.50818],
			"rotation": {
				"angle": 0,
				"axis": "y",
				"origin": [1.55921, 21.46231, -1.50818]
			},
			"faces": {
				"north": {
					"uv": [1.4375, 3.125, 2.4375, 4.0625],
					"texture": "#1"
				},
				"east": {
					"uv": [6.0625, 9.75, 6.0625, 10.6875],
					"texture": "#1"
				},
				"south": {
					"uv": [1.4375, 4.125, 2.4375, 5.0625],
					"texture": "#1"
				},
				"west": {
					"uv": [9.75, 10, 9.75, 10.9375],
					"texture": "#1"
				},
				"up": {
					"uv": [10.8125, 8.3125, 9.8125, 8.3125],
					"texture": "#1"
				},
				"down": {
					"uv": [11.0625, 4.3125, 10.0625, 4.3125],
					"texture": "#1"
				}
			}
		},
		{
			"from": [1.93808, 25.24292, -2.36766],
			"to": [14.06192, 25.24292, 5.77805],
			"rotation": {
				"angle": -45,
				"axis": "x",
				"origin": [8, 25.24292, 0.56859]
			},
			"faces": {
				"north": {
					"uv": [10.0625, 8.6875, 11.0625, 8.6875],
					"texture": "#1"
				},
				"east": {
					"uv": [1.25, 6.5, 1.9375, 6.5],
					"texture": "#1"
				},
				"south": {
					"uv": [10.125, 2.75, 11.125, 2.75],
					"texture": "#1"
				},
				"west": {
					"uv": [10.125, 3.1875, 10.8125, 3.1875],
					"texture": "#1"
				},
				"up": {
					"uv": [5.1875, 3.1875, 4.1875, 2.5],
					"texture": "#1"
				},
				"down": {
					"uv": [5.1875, 3.25, 4.1875, 3.9375],
					"texture": "#1"
				}
			}
		},
		{
			"from": [14.06192, 11.23281, -1.88705],
			"to": [14.81967, 23.35666, -1.12931],
			"rotation": {
				"angle": 0,
				"axis": "y",
				"origin": [14.44079, 20.70457, -1.50818]
			},
			"faces": {
				"north": {
					"uv": [2.3125, 9.0625, 2.375, 10.0625],
					"texture": "#1"
				},
				"east": {
					"uv": [2.875, 9.0625, 2.9375, 10.0625],
					"texture": "#1"
				},
				"south": {
					"uv": [3, 9.0625, 3.0625, 10.0625],
					"texture": "#1"
				},
				"west": {
					"uv": [0.375, 9.125, 0.4375, 10.125],
					"texture": "#1"
				},
				"up": {
					"uv": [10.1875, 7.6875, 10.125, 7.625],
					"texture": "#1"
				},
				"down": {
					"uv": [10.1875, 7.75, 10.125, 7.8125],
					"texture": "#1"
				}
			}
		},
		{
			"from": [1.55921, 11.23281, -1.12931],
			"to": [1.55921, 29.41858, 14.78324],
			"rotation": {
				"angle": 0,
				"axis": "y",
				"origin": [1.55921, 20.70457, -0.75044]
			},
			"faces": {
				"north": {
					"uv": [3.25, 10.125, 3.25, 11.625],
					"texture": "#1"
				},
				"east": {
					"uv": [0, 1.5625, 1.3125, 3.0625],
					"texture": "#1"
				},
				"south": {
					"uv": [7.75, 10.125, 7.75, 11.625],
					"texture": "#1"
				},
				"west": {
					"uv": [1.375, 1.5625, 2.6875, 3.0625],
					"texture": "#1"
				},
				"up": {
					"uv": [8.0625, 11.4375, 8.0625, 10.125],
					"texture": "#1"
				},
				"down": {
					"uv": [9, 10.125, 9, 11.4375],
					"texture": "#1"
				}
			}
		},
		{
			"from": [14.44079, 11.23281, -1.12931],
			"to": [14.44079, 29.41858, 14.78324],
			"rotation": {
				"angle": 0,
				"axis": "y",
				"origin": [14.44079, 20.70457, -0.75044]
			},
			"faces": {
				"north": {
					"uv": [3.25, 10.125, 3.25, 11.625],
					"texture": "#1"
				},
				"east": {
					"uv": [2.6875, 1.5625, 1.375, 3.0625],
					"texture": "#1"
				},
				"south": {
					"uv": [7.75, 10.125, 7.75, 11.625],
					"texture": "#1"
				},
				"west": {
					"uv": [1.3125, 1.5625, 0, 3.0625],
					"texture": "#1"
				},
				"up": {
					"uv": [8.0625, 11.4375, 8.0625, 10.125],
					"texture": "#1"
				},
				"down": {
					"uv": [9, 10.125, 9, 11.4375],
					"texture": "#1"
				}
			}
		},
		{
			"from": [14.06192, 27.13026, -3.45013],
			"to": [14.81967, 27.888, 4.88501],
			"rotation": {
				"angle": -45,
				"axis": "x",
				"origin": [14.44079, 27.50913, 2.80123]
			},
			"faces": {
				"north": {
					"uv": [10.125, 7.5, 10.1875, 7.5625],
					"texture": "#1"
				},
				"east": {
					"uv": [9.3125, 0.6875, 10, 0.75],
					"texture": "#1"
				},
				"south": {
					"uv": [7.625, 10.125, 7.6875, 10.1875],
					"texture": "#1"
				},
				"west": {
					"uv": [9.375, 5.0625, 10.0625, 5.125],
					"texture": "#1"
				},
				"up": {
					"uv": [1.6875, 9.875, 1.625, 9.1875],
					"texture": "#1"
				},
				"down": {
					"uv": [3.9375, 9.25, 3.875, 9.9375],
					"texture": "#1"
				}
			}
		},
		{
			"from": [14.06192, 28.49275, 4.00678],
			"to": [14.81967, 29.25049, 11.20532],
			"rotation": {
				"angle": 0,
				"axis": "y",
				"origin": [8, 10.30698, 3.05961]
			},
			"faces": {
				"north": {
					"uv": [6.8125, 10.125, 6.875, 10.1875],
					"texture": "#1"
				},
				"east": {
					"uv": [9.5625, 6.1875, 10.15625, 6.25],
					"texture": "#1"
				},
				"south": {
					"uv": [10.125, 7.375, 10.1875, 7.4375],
					"texture": "#1"
				},
				"west": {
					"uv": [9.5625, 6.3125, 10.15625, 6.375],
					"texture": "#1"
				},
				"up": {
					"uv": [6.1875, 10.15625, 6.125, 9.5625],
					"texture": "#1"
				},
				"down": {
					"uv": [6.3125, 9.5625, 6.25, 10.15625],
					"texture": "#1"
				}
			}
		},
		{
			"from": [1.93808, 16.90086, 11.79661],
			"to": [14.06192, 26.18318, 15.58531],
			"rotation": {
				"angle": 0,
				"axis": "y",
				"origin": [36.0364, 19.72594, 15.58531]
			},
			"faces": {
				"north": {
					"uv": [2.5, 4.125, 3.5, 4.90625],
					"texture": "#1"
				},
				"east": {
					"uv": [6.375, 7.125, 6.625, 7.90625],
					"texture": "#1"
				},
				"south": {
					"uv": [3.5625, 4.125, 4.5625, 4.90625],
					"texture": "#1"
				},
				"west": {
					"uv": [6.6875, 7.125, 6.9375, 7.90625],
					"texture": "#1"
				},
				"up": {
					"uv": [7.25, 0.25, 6.25, 0],
					"texture": "#1"
				},
				"down": {
					"uv": [7.25, 0.3125, 6.25, 0.5625],
					"texture": "#1"
				}
			}
		},
		{
			"from": [4.2113, 10.83894, 11.03887],
			"to": [11.7887, 24.6677, 12.55435],
			"rotation": {
				"angle": 0,
				"axis": "y",
				"origin": [36.0364, 14.42176, 11.79661]
			},
			"faces": {
				"north": {
					"uv": [4.1875, 0, 4.8125, 1.15625],
					"texture": "#1"
				},
				"east": {
					"uv": [0.625, 7.6875, 0.75, 8.84375],
					"texture": "#1"
				},
				"south": {
					"uv": [4.1875, 1.25, 4.8125, 2.40625],
					"texture": "#1"
				},
				"west": {
					"uv": [2.125, 7.75, 2.25, 8.90625],
					"texture": "#1"
				},
				"up": {
					"uv": [9.4375, 8.25, 8.8125, 8.125],
					"texture": "#1"
				},
				"down": {
					"uv": [9.4375, 8.3125, 8.8125, 8.4375],
					"texture": "#1"
				}
			}
		},
		{
			"from": [2.69582, 7.80797, -0.85951],
			"to": [13.30418, 10.83894, 5.39185],
			"rotation": {
				"angle": 0,
				"axis": "y",
				"origin": [10.27322, 4.79555, -5.59539]
			},
			"faces": {
				"north": {
					"uv": [1.25, 6.5625, 2.125, 6.8125],
					"texture": "#1"
				},
				"east": {
					"uv": [7.875, 4.0625, 8.40625, 4.3125],
					"texture": "#1"
				},
				"south": {
					"uv": [6.5625, 3.3125, 7.4375, 3.5625],
					"texture": "#1"
				},
				"west": {
					"uv": [7.875, 4.375, 8.40625, 4.625],
					"texture": "#1"
				},
				"up": {
					"uv": [3.9375, 5.53125, 3.0625, 5],
					"texture": "#1"
				},
				"down": {
					"uv": [1.9375, 5.125, 1.0625, 5.65625],
					"texture": "#1"
				}
			}
		},
		{
			"from": [2.69582, 9.84219, -1.98185],
			"to": [13.30418, 11.35767, 1.23855],
			"rotation": {
				"angle": 45,
				"axis": "x",
				"origin": [8, 11.35767, -2.266]
			},
			"faces": {
				"north": {
					"uv": [8.3125, 0.5, 9.1875, 0.625],
					"texture": "#1"
				},
				"east": {
					"uv": [9.8125, 8.125, 10.0625, 8.25],
					"texture": "#1"
				},
				"south": {
					"uv": [8.375, 0.6875, 9.25, 0.8125],
					"texture": "#1"
				},
				"west": {
					"uv": [9, 9.8125, 9.25, 9.9375],
					"texture": "#1"
				},
				"up": {
					"uv": [5.9375, 6.9375, 5.0625, 6.6875],
					"texture": "#1"
				},
				"down": {
					"uv": [7.3125, 6.8125, 6.4375, 7.0625],
					"texture": "#1"
				}
			}
		},
		{
			"from": [-1.84305, 15.90463, 15.56308],
			"to": [1.9305, 18.17785, 20.10953],
			"rotation": {
				"angle": -22.5,
				"axis": "x",
				"origin": [-2.60837, 7.94835, 13.28986]
			},
			"faces": {
				"north": {
					"uv": [9.1875, 7.875, 9.5, 8.0625],
					"texture": "#1"
				},
				"east": {
					"uv": [7.9375, 8.875, 8.3125, 9.0625],
					"texture": "#1"
				},
				"south": {
					"uv": [9.25, 0.4375, 9.5625, 0.625],
					"texture": "#1"
				},
				"west": {
					"uv": [8.375, 8.875, 8.75, 9.0625],
					"texture": "#1"
				},
				"up": {
					"uv": [8.5, 2.125, 8.1875, 1.75],
					"texture": "#1"
				},
				"down": {
					"uv": [8.5, 2.6875, 8.1875, 3.0625],
					"texture": "#1"
				}
			}
		},
		{
			"from": [-1.85063, 17.90877, 14.27246],
			"to": [1.93808, 26.24391, 16.54568],
			"rotation": {
				"angle": 0,
				"axis": "y",
				"origin": [-1.85063, 19.42425, 24.50195]
			},
			"faces": {
				"north": {
					"uv": [6.875, 5.4375, 7.1875, 6.125],
					"texture": "#1"
				},
				"east": {
					"uv": [2.875, 7.75, 3.0625, 8.4375],
					"texture": "#1"
				},
				"south": {
					"uv": [6, 6.9375, 6.3125, 7.625],
					"texture": "#1"
				},
				"west": {
					"uv": [4.1875, 7.875, 4.375, 8.5625],
					"texture": "#1"
				},
				"up": {
					"uv": [9.5, 7.5625, 9.1875, 7.375],
					"texture": "#1"
				},
				"down": {
					"uv": [9.5, 7.625, 9.1875, 7.8125],
					"texture": "#1"
				}
			}
		},
		{
			"from": [-1.84305, 25.72873, 15.30191],
			"to": [1.9305, 28.91124, 17.57513],
			"rotation": {
				"angle": -45,
				"axis": "x",
				"origin": [0.04372, 24.74366, 16.43852]
			},
			"faces": {
				"north": {
					"uv": [8.875, 0.875, 9.1875, 1.125],
					"texture": "#1"
				},
				"east": {
					"uv": [6.875, 4.25, 7.0625, 4.5],
					"texture": "#1"
				},
				"south": {
					"uv": [8.875, 1.1875, 9.1875, 1.4375],
					"texture": "#1"
				},
				"west": {
					"uv": [3.625, 9.5, 3.8125, 9.75],
					"texture": "#1"
				},
				"up": {
					"uv": [9.5625, 1.0625, 9.25, 0.875],
					"texture": "#1"
				},
				"down": {
					"uv": [9.5625, 1.125, 9.25, 1.3125],
					"texture": "#1"
				}
			}
		},
		{
			"from": [-1.85063, 26.22107, 8.23338],
			"to": [1.92292, 28.49429, 14.2953],
			"rotation": {
				"angle": 0,
				"axis": "y",
				"origin": [-2.60837, 36.45057, 8.99112]
			},
			"faces": {
				"north": {
					"uv": [9.1875, 5.3125, 9.5, 5.5],
					"texture": "#1"
				},
				"east": {
					"uv": [8.625, 5.375, 9.125, 5.5625],
					"texture": "#1"
				},
				"south": {
					"uv": [9.1875, 6.25, 9.5, 6.4375],
					"texture": "#1"
				},
				"west": {
					"uv": [7.0625, 8.625, 7.5625, 8.8125],
					"texture": "#1"
				},
				"up": {
					"uv": [1.375, 5, 1.0625, 4.5],
					"texture": "#1"
				},
				"down": {
					"uv": [7.9375, 4.75, 7.625, 5.25],
					"texture": "#1"
				}
			}
		},
		{
			"from": [-1.84305, 23.29564, 2.61912],
			"to": [1.9305, 25.56886, 5.65008],
			"rotation": {
				"angle": -22.5,
				"axis": "x",
				"origin": [-1.85063, 33.52513, -0.41184]
			},
			"faces": {
				"north": {
					"uv": [9.1875, 3, 9.5, 3.1875],
					"texture": "#1"
				},
				"east": {
					"uv": [9.375, 8.5, 9.625, 8.6875],
					"texture": "#1"
				},
				"south": {
					"uv": [9.1875, 4, 9.5, 4.1875],
					"texture": "#1"
				},
				"west": {
					"uv": [3.3125, 9.5, 3.5625, 9.6875],
					"texture": "#1"
				},
				"up": {
					"uv": [9.125, 7.75, 8.8125, 7.5],
					"texture": "#1"
				},
				"down": {
					"uv": [9.125, 7.8125, 8.8125, 8.0625],
					"texture": "#1"
				}
			}
		},
		{
			"from": [14.0695, 15.90463, 15.56308],
			"to": [17.84305, 18.17785, 20.10953],
			"rotation": {
				"angle": -22.5,
				"axis": "x",
				"origin": [18.60837, 7.94835, 13.28986]
			},
			"faces": {
				"north": {
					"uv": [9.5, 7.875, 9.1875, 8.0625],
					"texture": "#1"
				},
				"east": {
					"uv": [8.75, 8.875, 8.375, 9.0625],
					"texture": "#1"
				},
				"south": {
					"uv": [9.5625, 0.4375, 9.25, 0.625],
					"texture": "#1"
				},
				"west": {
					"uv": [8.3125, 8.875, 7.9375, 9.0625],
					"texture": "#1"
				},
				"up": {
					"uv": [8.1875, 2.125, 8.5, 1.75],
					"texture": "#1"
				},
				"down": {
					"uv": [8.1875, 2.6875, 8.5, 3.0625],
					"texture": "#1"
				}
			}
		},
		{
			"from": [14.07708, 26.22107, 8.23338],
			"to": [17.85063, 28.49429, 14.2953],
			"rotation": {
				"angle": 0,
				"axis": "y",
				"origin": [18.60837, 36.45057, 8.99112]
			},
			"faces": {
				"north": {
					"uv": [9.5, 5.3125, 9.1875, 5.5],
					"texture": "#1"
				},
				"east": {
					"uv": [7.5625, 8.625, 7.0625, 8.8125],
					"texture": "#1"
				},
				"south": {
					"uv": [9.5, 6.25, 9.1875, 6.4375],
					"texture": "#1"
				},
				"west": {
					"uv": [9.125, 5.375, 8.625, 5.5625],
					"texture": "#1"
				},
				"up": {
					"uv": [1.0625, 5, 1.375, 4.5],
					"texture": "#1"
				},
				"down": {
					"uv": [7.625, 4.75, 7.9375, 5.25],
					"texture": "#1"
				}
			}
		},
		{
			"from": [14.0695, 25.72873, 15.30191],
			"to": [17.84305, 28.91124, 17.57513],
			"rotation": {
				"angle": -45,
				"axis": "x",
				"origin": [15.95628, 24.74366, 16.43852]
			},
			"faces": {
				"north": {
					"uv": [9.1875, 0.875, 8.875, 1.125],
					"texture": "#1"
				},
				"east": {
					"uv": [3.8125, 9.5, 3.625, 9.75],
					"texture": "#1"
				},
				"south": {
					"uv": [9.1875, 1.1875, 8.875, 1.4375],
					"texture": "#1"
				},
				"west": {
					"uv": [7.0625, 4.25, 6.875, 4.5],
					"texture": "#1"
				},
				"up": {
					"uv": [9.25, 1.0625, 9.5625, 0.875],
					"texture": "#1"
				},
				"down": {
					"uv": [9.25, 1.125, 9.5625, 1.3125],
					"texture": "#1"
				}
			}
		},
		{
			"from": [14.06192, 17.90877, 14.27246],
			"to": [17.85063, 26.24391, 16.54568],
			"rotation": {
				"angle": 0,
				"axis": "y",
				"origin": [17.85063, 19.42425, 24.50195]
			},
			"faces": {
				"north": {
					"uv": [7.1875, 5.4375, 6.875, 6.125],
					"texture": "#1"
				},
				"east": {
					"uv": [4.375, 7.875, 4.1875, 8.5625],
					"texture": "#1"
				},
				"south": {
					"uv": [6.3125, 6.9375, 6, 7.625],
					"texture": "#1"
				},
				"west": {
					"uv": [3.0625, 7.75, 2.875, 8.4375],
					"texture": "#1"
				},
				"up": {
					"uv": [9.1875, 7.5625, 9.5, 7.375],
					"texture": "#1"
				},
				"down": {
					"uv": [9.1875, 7.625, 9.5, 7.8125],
					"texture": "#1"
				}
			}
		},
		{
			"from": [14.0695, 23.29564, 2.61912],
			"to": [17.84305, 25.56886, 5.65008],
			"rotation": {
				"angle": -22.5,
				"axis": "x",
				"origin": [17.85063, 33.52513, -0.41184]
			},
			"faces": {
				"north": {
					"uv": [9.5, 3, 9.1875, 3.1875],
					"texture": "#1"
				},
				"east": {
					"uv": [3.5625, 9.5, 3.3125, 9.6875],
					"texture": "#1"
				},
				"south": {
					"uv": [9.5, 4, 9.1875, 4.1875],
					"texture": "#1"
				},
				"west": {
					"uv": [9.625, 8.5, 9.375, 8.6875],
					"texture": "#1"
				},
				"up": {
					"uv": [8.8125, 7.75, 9.125, 7.5],
					"texture": "#1"
				},
				"down": {
					"uv": [8.8125, 7.8125, 9.125, 8.0625],
					"texture": "#1"
				}
			}
		},
		{
			"from": [2.69582, 7.80797, 5.35581],
			"to": [13.30418, 10.83894, 11.79661],
			"rotation": {
				"angle": 0,
				"axis": "y",
				"origin": [12.16757, 8.0773, 10.28112]
			},
			"faces": {
				"north": {
					"uv": [6.5625, 3.625, 7.4375, 3.875],
					"texture": "#1"
				},
				"east": {
					"uv": [7.9375, 7.4375, 8.46875, 7.6875],
					"texture": "#1"
				},
				"south": {
					"uv": [6.5625, 3.9375, 7.4375, 4.1875],
					"texture": "#1"
				},
				"west": {
					"uv": [7.9375, 7.75, 8.46875, 8],
					"texture": "#1"
				},
				"up": {
					"uv": [0.875, 5.71875, 0, 5.1875],
					"texture": "#1"
				},
				"down": {
					"uv": [6.0625, 4.6875, 5.1875, 5.21875],
					"texture": "#1"
				}
			}
		},
		{
			"from": [4.2113, 10.0812, -3.20029],
			"to": [11.7887, 14.62764, -0.92707],
			"rotation": {
				"angle": 0,
				"axis": "y",
				"origin": [8, 12.62373, -4.02017]
			},
			"faces": {
				"north": {
					"uv": [6.4375, 4.5625, 7.0625, 4.9375],
					"texture": "#1"
				},
				"east": {
					"uv": [8.5, 6.875, 8.75, 7.25],
					"texture": "#1"
				},
				"south": {
					"uv": [6.4375, 5, 7.0625, 5.375],
					"texture": "#1"
				},
				"west": {
					"uv": [8.5625, 1.6875, 8.8125, 2.0625],
					"texture": "#1"
				},
				"up": {
					"uv": [8.125, 2.25, 7.5, 2],
					"texture": "#1"
				},
				"down": {
					"uv": [8.125, 3.75, 7.5, 4],
					"texture": "#1"
				}
			}
		},
		{
			"from": [1.358, 9.31516, -3.19273],
			"to": [6.73796, 12.53555, -0.91951],
			"rotation": {
				"angle": 45,
				"axis": "z",
				"origin": [2.94926, 10.53165, -3.26243]
			},
			"faces": {
				"north": {
					"uv": [6.6875, 8, 7.125, 8.28125],
					"texture": "#1"
				},
				"east": {
					"uv": [8.875, 2.3125, 9.125, 2.59375],
					"texture": "#1"
				},
				"south": {
					"uv": [7.9375, 8.0625, 8.375, 8.34375],
					"texture": "#1"
				},
				"west": {
					"uv": [8.875, 3, 9.125, 3.28125],
					"texture": "#1"
				},
				"up": {
					"uv": [8.625, 4, 8.1875, 3.75],
					"texture": "#1"
				},
				"down": {
					"uv": [8.75, 5.6875, 8.3125, 5.9375],
					"texture": "#1"
				}
			}
		},
		{
			"from": [1.358, 9.31516, -0.92707],
			"to": [2.94926, 12.53555, 10.13594],
			"rotation": {
				"angle": 45,
				"axis": "z",
				"origin": [2.94926, 10.53165, 1.09457]
			},
			"faces": {
				"north": {
					"uv": [9.625, 9.3125, 9.75, 9.59375],
					"texture": "#1"
				},
				"east": {
					"uv": [6.0625, 2.9375, 7, 3.21875],
					"texture": "#1"
				},
				"south": {
					"uv": [9.6875, 0, 9.8125, 0.28125],
					"texture": "#1"
				},
				"west": {
					"uv": [6.1875, 0.75, 7.125, 1.03125],
					"texture": "#1"
				},
				"up": {
					"uv": [5.5625, 9.1875, 5.4375, 8.25],
					"texture": "#1"
				},
				"down": {
					"uv": [5.75, 8.25, 5.625, 9.1875],
					"texture": "#1"
				}
			}
		},
		{
			"from": [13.05074, 9.31516, -0.92707],
			"to": [14.642, 12.53555, 10.13594],
			"rotation": {
				"angle": -45,
				"axis": "z",
				"origin": [13.05074, 10.53165, 1.09457]
			},
			"faces": {
				"north": {
					"uv": [4.4375, 9.6875, 4.5625, 9.96875],
					"texture": "#1"
				},
				"east": {
					"uv": [6.1875, 1.125, 7.125, 1.40625],
					"texture": "#1"
				},
				"south": {
					"uv": [9.6875, 8.5, 9.8125, 8.78125],
					"texture": "#1"
				},
				"west": {
					"uv": [6.1875, 1.5, 7.125, 1.78125],
					"texture": "#1"
				},
				"up": {
					"uv": [1.125, 9.25, 1, 8.3125],
					"texture": "#1"
				},
				"down": {
					"uv": [1.3125, 8.3125, 1.1875, 9.25],
					"texture": "#1"
				}
			}
		},
		{
			"from": [9.26204, 9.31516, -3.19273],
			"to": [14.642, 12.53555, -0.91951],
			"rotation": {
				"angle": -45,
				"axis": "z",
				"origin": [13.05074, 10.53165, -3.26243]
			},
			"faces": {
				"north": {
					"uv": [8.125, 2.3125, 8.5625, 2.59375],
					"texture": "#1"
				},
				"east": {
					"uv": [8.875, 4, 9.125, 4.28125],
					"texture": "#1"
				},
				"south": {
					"uv": [4.9375, 8.125, 5.375, 8.40625],
					"texture": "#1"
				},
				"west": {
					"uv": [8.875, 6.25, 9.125, 6.53125],
					"texture": "#1"
				},
				"up": {
					"uv": [8.75, 6.25, 8.3125, 6],
					"texture": "#1"
				},
				"down": {
					"uv": [7.625, 8.3125, 7.1875, 8.5625],
					"texture": "#1"
				}
			}
		},
		{
			"from": [6.48452, 9.32345, -3.89047],
			"to": [9.51548, 15.38538, -0.10177],
			"rotation": {
				"angle": 0,
				"axis": "y",
				"origin": [2.69582, 13.38147, -5.27865]
			},
			"faces": {
				"north": {
					"uv": [8, 4.6875, 8.25, 5.1875],
					"texture": "#1"
				},
				"east": {
					"uv": [4.1875, 7.3125, 4.5625, 7.8125],
					"texture": "#1"
				},
				"south": {
					"uv": [6.375, 8, 6.625, 8.5],
					"texture": "#1"
				},
				"west": {
					"uv": [7.375, 6.375, 7.75, 6.875],
					"texture": "#1"
				},
				"up": {
					"uv": [8.9375, 3.9375, 8.6875, 3.5625],
					"texture": "#1"
				},
				"down": {
					"uv": [4.6875, 8.75, 4.4375, 9.125],
					"texture": "#1"
				}
			}
		}
	]
}