{
	"textures": {
		"0": "animated_java:blueprint/assembler/assembler",
		"particle": "minecraft:item/pufferfish"
	},
	"display": {
		"head": {
			"rotation": [0, 180, 0]
		}
	},
	"elements": [
		{
			"from": [7.5, 9.08338, 9.0495],
			"to": [8.5, 10.08338, 11.5495],
			"rotation": {
				"angle": 0,
				"axis": "y",
				"origin": [8, 9.58338, 10.2995]
			},
			"faces": {
				"north": {
					"uv": [12.375, 9.375, 12.4375, 9.4375],
					"texture": "#0"
				},
				"east": {
					"uv": [5.875, 12, 6.0625, 12.0625],
					"texture": "#0"
				},
				"south": {
					"uv": [12.375, 9.5, 12.4375, 9.5625],
					"texture": "#0"
				},
				"west": {
					"uv": [6.25, 12, 6.4375, 12.0625],
					"texture": "#0"
				},
				"up": {
					"uv": [6.8125, 12.1875, 6.75, 12],
					"texture": "#0"
				},
				"down": {
					"uv": [12.0625, 6.75, 12, 6.9375],
					"texture": "#0"
				}
			}
		},
		{
			"from": [7.5, 7.48718, 8.53308],
			"to": [8.5, 9.98718, 9.53308],
			"rotation": {
				"angle": 22.5,
				"axis": "x",
				"origin": [8, 8.73718, 9.03308]
			},
			"faces": {
				"north": {
					"uv": [6.875, 12, 6.9375, 12.1875],
					"texture": "#0"
				},
				"east": {
					"uv": [12, 7, 12.0625, 7.1875],
					"texture": "#0"
				},
				"south": {
					"uv": [7.25, 12, 7.3125, 12.1875],
					"texture": "#0"
				},
				"west": {
					"uv": [7.375, 12, 7.4375, 12.1875],
					"texture": "#0"
				},
				"up": {
					"uv": [12.4375, 9.6875, 12.375, 9.625],
					"texture": "#0"
				},
				"down": {
					"uv": [9.75, 12.375, 9.6875, 12.4375],
					"texture": "#0"
				}
			}
		},
		{
			"from": [7.5, 7.49999, 7.37495],
			"to": [8.5, 8.49999, 8.62495],
			"rotation": {
				"angle": 0,
				"axis": "y",
				"origin": [8, 7.99999, 7.99995]
			},
			"faces": {
				"north": {
					"uv": [12.375, 8.625, 12.4375, 8.6875],
					"texture": "#0"
				},
				"east": {
					"uv": [12.375, 8.75, 12.4375, 8.8125],
					"texture": "#0"
				},
				"south": {
					"uv": [9, 12.375, 9.0625, 12.4375],
					"texture": "#0"
				},
				"west": {
					"uv": [9.125, 12.375, 9.1875, 12.4375],
					"texture": "#0"
				},
				"up": {
					"uv": [9.3125, 12.4375, 9.25, 12.375],
					"texture": "#0"
				},
				"down": {
					"uv": [12.4375, 9.25, 12.375, 9.3125],
					"texture": "#0"
				}
			}
		},
		{
			"from": [7.5, 6.29349, 8.7432],
			"to": [8.5, 8.79349, 9.7432],
			"rotation": {
				"angle": -22.5,
				"axis": "x",
				"origin": [8, 6.91028, 9.66629]
			},
			"faces": {
				"north": {
					"uv": [12, 8.9375, 12.0625, 9.125],
					"texture": "#0"
				},
				"east": {
					"uv": [9.125, 12, 9.1875, 12.1875],
					"texture": "#0"
				},
				"south": {
					"uv": [9.25, 12, 9.3125, 12.1875],
					"texture": "#0"
				},
				"west": {
					"uv": [9.375, 12, 9.4375, 12.1875],
					"texture": "#0"
				},
				"up": {
					"uv": [12.4375, 10.0625, 12.375, 10],
					"texture": "#0"
				},
				"down": {
					"uv": [12.4375, 10.125, 12.375, 10.1875],
					"texture": "#0"
				}
			}
		},
		{
			"from": [7.5, 5.98718, 9.0495],
			"to": [8.5, 6.98718, 11.5495],
			"rotation": {
				"angle": 0,
				"axis": "y",
				"origin": [8, 6.91028, 9.66629]
			},
			"faces": {
				"north": {
					"uv": [12.375, 9.75, 12.4375, 9.8125],
					"texture": "#0"
				},
				"east": {
					"uv": [7.5, 12, 7.6875, 12.0625],
					"texture": "#0"
				},
				"south": {
					"uv": [12.375, 9.875, 12.4375, 9.9375],
					"texture": "#0"
				},
				"west": {
					"uv": [12, 8.625, 12.1875, 8.6875],
					"texture": "#0"
				},
				"up": {
					"uv": [8.4375, 12.1875, 8.375, 12],
					"texture": "#0"
				},
				"down": {
					"uv": [8.6875, 12, 8.625, 12.1875],
					"texture": "#0"
				}
			}
		}
	]
}