{
	"textures": {
		"0": "animated_java:item/buggy/buggy"
	},
	"display": {
		"head": {
			"rotation": [0, 180, 0]
		}
	},
	"elements": [
		{
			"from": [3.1586, 7.39483, -11.66817],
			"to": [3.46119, 16.16986, -11.36559],
			"rotation": {
				"angle": 0,
				"axis": "y",
				"origin": [1.94825, 18.28797, -10.15524]
			},
			"faces": {
				"north": {
					"uv": [2.125, 11.75, 2.15625, 13.15625],
					"texture": "#0"
				},
				"east": {
					"uv": [2.375, 11.75, 2.40625, 13.15625],
					"texture": "#0"
				},
				"south": {
					"uv": [2.625, 11.75, 2.65625, 13.15625],
					"texture": "#0"
				},
				"west": {
					"uv": [2.875, 11.75, 2.90625, 13.15625],
					"texture": "#0"
				},
				"up": {
					"uv": [3.53125, 14.03125, 3.5, 14],
					"texture": "#0"
				},
				"down": {
					"uv": [14.03125, 3.5, 14, 3.53125],
					"texture": "#0"
				}
			}
		},
		{
			"from": [2.85602, 19.49832, -11.97076],
			"to": [3.76378, 20.10349, -11.063],
			"rotation": {
				"angle": -22.5,
				"axis": "x",
				"origin": [3.3099, 16.62374, -11.51688]
			},
			"faces": {
				"north": {
					"uv": [13.625, 12.375, 13.71875, 12.4375],
					"texture": "#0"
				},
				"east": {
					"uv": [12.75, 13.625, 12.84375, 13.6875],
					"texture": "#0"
				},
				"south": {
					"uv": [13, 13.625, 13.09375, 13.6875],
					"texture": "#0"
				},
				"west": {
					"uv": [13.25, 13.625, 13.34375, 13.6875],
					"texture": "#0"
				},
				"up": {
					"uv": [12.96875, 12.21875, 12.875, 12.125],
					"texture": "#0"
				},
				"down": {
					"uv": [0.59375, 13, 0.5, 13.09375],
					"texture": "#0"
				}
			}
		},
		{
			"from": [3.1586, 16.77503, -11.66817],
			"to": [3.46119, 19.49832, -11.36559],
			"rotation": {
				"angle": -22.5,
				"axis": "x",
				"origin": [3.3099, 16.62374, -11.51688]
			},
			"faces": {
				"north": {
					"uv": [10.625, 12.875, 10.65625, 13.15625],
					"texture": "#0"
				},
				"east": {
					"uv": [12.875, 11.625, 12.90625, 11.90625],
					"texture": "#0"
				},
				"south": {
					"uv": [12.875, 12.625, 12.90625, 12.90625],
					"texture": "#0"
				},
				"west": {
					"uv": [13, 0, 13.03125, 0.28125],
					"texture": "#0"
				},
				"up": {
					"uv": [3.78125, 14.03125, 3.75, 14],
					"texture": "#0"
				},
				"down": {
					"uv": [14.03125, 3.75, 14, 3.78125],
					"texture": "#0"
				}
			}
		},
		{
			"from": [-1.38021, 16.47244, -13.78628],
			"to": [-0.16986, 16.77503, -9.24747],
			"rotation": {
				"angle": -22.5,
				"axis": "x",
				"origin": [3.3099, 16.62374, -11.51688]
			},
			"faces": {
				"north": {
					"uv": [6.875, 13.75, 7, 13.78125],
					"texture": "#0"
				},
				"east": {
					"uv": [12.875, 5.5, 13.34375, 5.53125],
					"texture": "#0"
				},
				"south": {
					"uv": [7.125, 13.75, 7.25, 13.78125],
					"texture": "#0"
				},
				"west": {
					"uv": [12.875, 5.75, 13.34375, 5.78125],
					"texture": "#0"
				},
				"up": {
					"uv": [8.5, 9.34375, 8.375, 8.875],
					"texture": "#0"
				},
				"down": {
					"uv": [1, 9, 0.875, 9.46875],
					"texture": "#0"
				}
			}
		},
		{
			"from": [1.04049, 18.2648, -8.43017],
			"to": [5.5793, 18.56739, -7.21983],
			"rotation": {
				"angle": -45,
				"axis": "x",
				"origin": [3.3099, 18.41609, -7.825]
			},
			"faces": {
				"north": {
					"uv": [12.875, 5, 13.34375, 5.03125],
					"texture": "#0"
				},
				"east": {
					"uv": [13.75, 6.25, 13.875, 6.28125],
					"texture": "#0"
				},
				"south": {
					"uv": [12.875, 5.25, 13.34375, 5.28125],
					"texture": "#0"
				},
				"west": {
					"uv": [13.75, 6.5, 13.875, 6.53125],
					"texture": "#0"
				},
				"up": {
					"uv": [3.34375, 9.125, 2.875, 9],
					"texture": "#0"
				},
				"down": {
					"uv": [3.96875, 9, 3.5, 9.125],
					"texture": "#0"
				}
			}
		},
		{
			"from": [6.78965, 16.47244, -13.78628],
			"to": [8, 16.77503, -9.24747],
			"rotation": {
				"angle": -22.5,
				"axis": "x",
				"origin": [11.47975, 16.62374, -11.51688]
			},
			"faces": {
				"north": {
					"uv": [13.75, 5.625, 13.875, 5.65625],
					"texture": "#0"
				},
				"east": {
					"uv": [12.875, 4, 13.34375, 4.03125],
					"texture": "#0"
				},
				"south": {
					"uv": [5.875, 13.75, 6, 13.78125],
					"texture": "#0"
				},
				"west": {
					"uv": [12.875, 4.75, 13.34375, 4.78125],
					"texture": "#0"
				},
				"up": {
					"uv": [7, 5.21875, 6.875, 4.75],
					"texture": "#0"
				},
				"down": {
					"uv": [7.375, 8.875, 7.25, 9.34375],
					"texture": "#0"
				}
			}
		},
		{
			"from": [-0.16986, 16.47244, -14.99663],
			"to": [6.78965, 16.77503, -8.03713],
			"rotation": {
				"angle": -22.5,
				"axis": "x",
				"origin": [3.3099, 16.62374, -11.51688]
			},
			"faces": {
				"north": {
					"uv": [12.375, 0.5, 13.09375, 0.53125],
					"texture": "#0"
				},
				"east": {
					"uv": [12.375, 1.875, 13.09375, 1.90625],
					"texture": "#0"
				},
				"south": {
					"uv": [12.375, 2.125, 13.09375, 2.15625],
					"texture": "#0"
				},
				"west": {
					"uv": [12.375, 2.375, 13.09375, 2.40625],
					"texture": "#0"
				},
				"up": {
					"uv": [4.46875, 3.34375, 3.75, 2.625],
					"texture": "#0"
				},
				"down": {
					"uv": [3.46875, 3.75, 2.75, 4.46875],
					"texture": "#0"
				}
			}
		},
		{
			"from": [1.04049, 15.12928, -16],
			"to": [5.5793, 15.43187, -14.78965],
			"rotation": {
				"angle": 0,
				"axis": "y",
				"origin": [3.3099, 15.28058, -15.39483]
			},
			"faces": {
				"north": {
					"uv": [12.875, 3.5, 13.34375, 3.53125],
					"texture": "#0"
				},
				"east": {
					"uv": [13.75, 5.375, 13.875, 5.40625],
					"texture": "#0"
				},
				"south": {
					"uv": [12.875, 3.75, 13.34375, 3.78125],
					"texture": "#0"
				},
				"west": {
					"uv": [5.625, 13.75, 5.75, 13.78125],
					"texture": "#0"
				},
				"up": {
					"uv": [9.46875, 2.25, 9, 2.125],
					"texture": "#0"
				},
				"down": {
					"uv": [2.71875, 9, 2.25, 9.125],
					"texture": "#0"
				}
			}
		}
	]
}